2026-06-08 13:32:27,964 - INFO - URL: https://sehatindonesiaku.kemkes.go.id/auth/login
2026-06-08 13:32:36,656 - INFO - ✅ CKG Umum
2026-06-08 13:32:37,324 - INFO - ✅ Menu Pelayanan
2026-06-08 13:32:38,218 - INFO - ✅ Checkbox Lokasi
2026-06-08 13:32:38,875 - INFO - ✅ Tombol: Simpan
2026-06-08 13:32:39,898 - INFO - 
===== PASIEN 1/14 =====
2026-06-08 13:32:39,899 - INFO - 👤 MARDANI
2026-06-08 13:32:39,978 - INFO - ✅ Tab Belum Pemeriksaan
2026-06-08 13:32:40,897 - INFO - ✅ Mulai: MARDANI
2026-06-08 13:32:42,997 - INFO - ✅ Tombol: Mulai Pemeriksaan
2026-06-08 13:32:43,075 - INFO - ✅ Simpan
2026-06-08 13:32:45,706 - INFO - ✅ Input: Demografi Dewasa Perempuan
2026-06-08 13:32:48,919 - INFO - ⚠️ Skip: Input: Demografi Lansia
2026-06-08 13:32:52,274 - INFO - ⚠️ Skip: Input: Demografi Dewasa Laki-Laki
2026-06-08 13:32:52,450 - INFO - ✅ Radio: Status Perkawinan → Menikah
2026-06-08 13:32:52,693 - INFO - ✅ Radio: Apakah Anda sedang hamil → Tidak
2026-06-08 13:32:53,009 - INFO - ✅ Radio: Apakah Anda penyandang disabilitas? → Non disabilitas
2026-06-08 13:32:55,713 - INFO - ✅ Kirim
2026-06-08 13:32:58,843 - INFO - ⚠️ Skip: Input: Faktor Risiko Kanker Usus
2026-06-08 13:33:02,000 - INFO - ⚠️ Skip radio: kanker kolorektal
2026-06-08 13:33:08,305 - INFO - ❌ Gagal Kirim
2026-06-08 13:33:11,473 - INFO - ⚠️ Skip: Input: Faktor Risiko Malaria
2026-06-08 13:33:27,208 - INFO - ❌ Gagal Kirim
2026-06-08 13:33:28,092 - INFO - ✅ Input: Faktor Risiko TB - Dewasa & Lansia
2026-06-08 13:33:31,513 - INFO - ✅ Kirim
2026-06-08 13:33:34,675 - INFO - ⚠️ Skip: Input: Gejala Cemas Remaja
2026-06-08 13:33:47,171 - INFO - ❌ Gagal Kirim
2026-06-08 13:33:50,295 - INFO - ⚠️ Skip: Input: Gejala Depresi Remaja
2026-06-08 13:34:02,868 - INFO - ❌ Gagal Kirim
2026-06-08 13:34:06,043 - INFO - ⚠️ Skip: Input: Kesehatan Reproduksi Putra - Anak Sekolah
2026-06-08 13:34:18,545 - INFO - ❌ Gagal Kirim
2026-06-08 13:34:21,672 - INFO - ⚠️ Skip: Input: Kesehatan Reproduksi Putri - Anak Sekolah
2026-06-08 13:34:34,219 - INFO - ❌ Gagal Kirim
2026-06-08 13:34:37,409 - INFO - ⚠️ Skip: Input: Kuesioner Tingkat Aktivitas Fisik - Tingkat Aktivitas Fisik
2026-06-08 13:34:47,245 - INFO - ❌ Gagal Kirim
2026-06-08 13:34:50,371 - INFO - ⚠️ Skip: Input: Kelayakan Tes Kebugaran
2026-06-08 13:35:06,028 - INFO - ❌ Gagal Kirim
2026-06-08 13:35:07,189 - INFO - ✅ Input: Hati
2026-06-08 13:35:10,535 - INFO - ⚠️ Skip: Input: Faktor Risiko Hepatitis SMP dan SMA
2026-06-08 13:35:14,124 - INFO - ✅ Kirim
2026-06-08 13:35:14,663 - INFO - ✅ Input: Kanker Leher Rahim
2026-06-08 13:35:18,007 - INFO - ✅ Kirim
2026-06-08 13:35:19,095 - INFO - ✅ Input: Kesehatan Jiwa
2026-06-08 13:35:22,012 - INFO - ✅ Kirim
2026-06-08 13:35:25,134 - INFO - ⚠️ Skip: Input: Penapisan Risiko Kanker Paru
2026-06-08 13:35:47,334 - INFO - ❌ Gagal Kirim
2026-06-08 13:35:47,794 - INFO - ✅ Input: Perilaku Merokok
2026-06-08 13:35:50,926 - INFO - ⚠️ Skip: Input: Perilaku Merokok - Anak Sekolah
2026-06-08 13:35:54,717 - INFO - ✅ Kirim
2026-06-08 13:35:57,843 - INFO - ⚠️ Skip: Input: Riwayat Imunisasi Tetanus(Status T) - Hanya untuk Catin
2026-06-08 13:36:00,971 - INFO - ⚠️ Dropdown gagal: sq_100i -> Tidak tahu atau tidak ingat
2026-06-08 13:36:04,100 - INFO - ❌ Gagal Kirim
2026-06-08 13:36:04,568 - INFO - ✅ Input: Tingkat Aktivitas Fisik (sedang dan berat)
2026-06-08 13:36:08,814 - INFO - ✅ Kirim
2026-06-08 13:36:09,394 - INFO - ✅ Input row: rowfrm000051
2026-06-08 13:36:12,531 - INFO - ⚠️ Skip: Input row: rowfrm000093
2026-06-08 13:36:15,787 - INFO - ⚠️ Skip: Input row: rowfrm000119
2026-06-08 13:36:21,590 - INFO - ⚠️ Dropdown gagal: sq_102i -> Gizi Baik
2026-06-08 13:36:24,151 - INFO - ✅ Kirim
2026-06-08 13:36:24,656 - INFO - ✅ Input row: rowfrm000256
2026-06-08 13:36:27,787 - INFO - ⚠️ Skip: Input row: rowfrm000197
2026-06-08 13:36:33,909 - INFO - ✅ Kirim
2026-06-08 13:36:34,363 - INFO - ✅ Input row: rowfrm000265
2026-06-08 13:36:37,521 - INFO - ⚠️ Skip: Input row: rowfrm000266
2026-06-08 13:36:47,471 - INFO - ✅ Kirim
2026-06-08 13:36:49,570 - INFO - ✅ Selesaikan Layanan
2026-06-08 13:36:51,631 - INFO - ✅ Konfirmasi
2026-06-08 13:36:54,688 - INFO - ✅ Selesai: MARDANI
2026-06-08 13:36:54,690 - INFO - 
===== PASIEN 2/14 =====
2026-06-08 13:36:54,690 - INFO - 👤 KRISTIANI MARLINA BR PURBA
2026-06-08 13:36:55,286 - INFO - ✅ Tab Belum Pemeriksaan
2026-06-08 13:36:56,210 - INFO - ✅ Mulai: KRISTIANI MARLINA BR PURBA
2026-06-08 13:36:58,286 - INFO - ✅ Tombol: Mulai Pemeriksaan
2026-06-08 13:36:58,358 - INFO - ✅ Simpan
2026-06-08 13:37:01,543 - INFO - ✅ Input: Demografi Dewasa Perempuan
2026-06-08 13:37:05,163 - INFO - ⚠️ Skip: Input: Demografi Lansia
2026-06-08 13:37:08,405 - INFO - ⚠️ Skip: Input: Demografi Dewasa Laki-Laki
2026-06-08 13:37:08,533 - INFO - ✅ Radio: Status Perkawinan → Menikah
2026-06-08 13:37:08,647 - INFO - ✅ Radio: Apakah Anda sedang hamil → Tidak
2026-06-08 13:37:08,745 - INFO - ✅ Radio: Apakah Anda penyandang disabilitas? → Non disabilitas
2026-06-08 13:37:11,355 - INFO - ✅ Kirim
2026-06-08 13:37:14,821 - INFO - ⚠️ Skip: Input: Faktor Risiko Kanker Usus
2026-06-08 13:37:18,048 - INFO - ⚠️ Skip radio: kanker kolorektal
2026-06-08 13:37:24,573 - INFO - ❌ Gagal Kirim
2026-06-08 13:37:27,688 - INFO - ⚠️ Skip: Input: Faktor Risiko Malaria
2026-06-08 13:37:43,295 - INFO - ❌ Gagal Kirim
2026-06-08 13:37:44,072 - INFO - ✅ Input: Faktor Risiko TB - Dewasa & Lansia
2026-06-08 13:37:47,252 - INFO - ✅ Kirim
2026-06-08 13:37:50,412 - INFO - ⚠️ Skip: Input: Gejala Cemas Remaja
2026-06-08 13:38:03,036 - INFO - ❌ Gagal Kirim
2026-06-08 13:38:06,158 - INFO - ⚠️ Skip: Input: Gejala Depresi Remaja
2026-06-08 13:38:18,672 - INFO - ❌ Gagal Kirim
2026-06-08 13:38:21,951 - INFO - ⚠️ Skip: Input: Kesehatan Reproduksi Putra - Anak Sekolah
2026-06-08 13:38:34,621 - INFO - ❌ Gagal Kirim
2026-06-08 13:38:37,740 - INFO - ⚠️ Skip: Input: Kesehatan Reproduksi Putri - Anak Sekolah
2026-06-08 13:38:50,249 - INFO - ❌ Gagal Kirim
2026-06-08 13:38:53,566 - INFO - ⚠️ Skip: Input: Kuesioner Tingkat Aktivitas Fisik - Tingkat Aktivitas Fisik
2026-06-08 13:39:03,016 - INFO - ❌ Gagal Kirim
2026-06-08 13:39:06,132 - INFO - ⚠️ Skip: Input: Kelayakan Tes Kebugaran
2026-06-08 13:39:21,808 - INFO - ❌ Gagal Kirim
2026-06-08 13:39:22,409 - INFO - ✅ Input: Hati
2026-06-08 13:39:25,662 - INFO - ⚠️ Skip: Input: Faktor Risiko Hepatitis SMP dan SMA
2026-06-08 13:39:29,555 - INFO - ✅ Kirim
2026-06-08 13:39:30,763 - INFO - ✅ Input: Kanker Leher Rahim
2026-06-08 13:39:33,936 - INFO - ✅ Kirim
2026-06-08 13:39:34,438 - INFO - ✅ Input: Kesehatan Jiwa
2026-06-08 13:39:37,866 - INFO - ✅ Kirim
2026-06-08 13:39:41,000 - INFO - ⚠️ Skip: Input: Penapisan Risiko Kanker Paru
2026-06-08 13:40:03,114 - INFO - ❌ Gagal Kirim
2026-06-08 13:40:03,581 - INFO - ✅ Input: Perilaku Merokok
2026-06-08 13:40:06,714 - INFO - ⚠️ Skip: Input: Perilaku Merokok - Anak Sekolah
2026-06-08 13:40:10,518 - INFO - ✅ Kirim
2026-06-08 13:40:10,992 - INFO - ✅ Input: Riwayat Imunisasi Tetanus(Status T) - Hanya untuk Catin
2026-06-08 13:40:14,275 - INFO - ✅ Kirim
2026-06-08 13:40:14,769 - INFO - ✅ Input: Tingkat Aktivitas Fisik (sedang dan berat)
2026-06-08 13:40:19,161 - INFO - ✅ Kirim
2026-06-08 13:40:22,026 - INFO - ✅ Input row: rowfrm000051
2026-06-08 13:40:25,413 - INFO - ⚠️ Skip: Input row: rowfrm000093
2026-06-08 13:40:28,528 - INFO - ⚠️ Skip: Input row: rowfrm000119
2026-06-08 13:40:36,029 - INFO - ⚠️ Dropdown gagal: sq_102i -> Gizi Baik
2026-06-08 13:40:38,647 - INFO - ✅ Kirim
2026-06-08 13:40:40,883 - INFO - ✅ Input row: rowfrm000256
2026-06-08 13:40:44,216 - INFO - ⚠️ Skip: Input row: rowfrm000197
2026-06-08 13:40:50,851 - INFO - ✅ Kirim
2026-06-08 13:40:53,554 - INFO - ✅ Input row: rowfrm000265
2026-06-08 13:40:56,852 - INFO - ⚠️ Skip: Input row: rowfrm000266
2026-06-08 13:41:07,655 - INFO - ✅ Kirim
2026-06-08 13:41:09,814 - INFO - ✅ Selesaikan Layanan
2026-06-08 13:41:11,930 - INFO - ✅ Konfirmasi
2026-06-08 13:41:15,015 - INFO - ✅ Selesai: KRISTIANI MARLINA BR PURBA
2026-06-08 13:41:15,019 - INFO - 
===== PASIEN 3/14 =====
2026-06-08 13:41:15,019 - INFO - 👤 FIRDAUS
2026-06-08 13:41:15,732 - INFO - ✅ Tab Belum Pemeriksaan
2026-06-08 13:41:16,861 - INFO - ✅ Mulai: FIRDAUS
2026-06-08 13:41:19,022 - INFO - ✅ Tombol: Mulai Pemeriksaan
2026-06-08 13:41:19,120 - INFO - ✅ Simpan
2026-06-08 13:41:24,323 - INFO - ⚠️ Skip: Input: Demografi Dewasa Perempuan
2026-06-08 13:41:27,494 - INFO - ⚠️ Skip: Input: Demografi Lansia
2026-06-08 13:41:29,105 - INFO - ✅ Input: Demografi Dewasa Laki-Laki
2026-06-08 13:41:29,338 - INFO - ✅ Radio: Status Perkawinan → Menikah
2026-06-08 13:41:32,534 - INFO - ⚠️ Skip radio: Apakah Anda sedang hamil
2026-06-08 13:41:32,653 - INFO - ✅ Radio: Apakah Anda penyandang disabilitas? → Non disabilitas
2026-06-08 13:41:35,272 - INFO - ✅ Kirim
2026-06-08 13:41:38,783 - INFO - ⚠️ Skip: Input: Faktor Risiko Kanker Usus
2026-06-08 13:41:41,810 - INFO - ⚠️ Skip radio: kanker kolorektal
2026-06-08 13:41:48,179 - INFO - ❌ Gagal Kirim
2026-06-08 13:41:51,348 - INFO - ⚠️ Skip: Input: Faktor Risiko Malaria
2026-06-08 13:42:07,217 - INFO - ❌ Gagal Kirim
2026-06-08 13:42:08,910 - INFO - ✅ Input: Faktor Risiko TB - Dewasa & Lansia
2026-06-08 13:42:12,797 - INFO - ✅ Kirim
2026-06-08 13:42:16,141 - INFO - ⚠️ Skip: Input: Gejala Cemas Remaja
2026-06-08 13:42:28,789 - INFO - ❌ Gagal Kirim
2026-06-08 13:42:31,948 - INFO - ⚠️ Skip: Input: Gejala Depresi Remaja
2026-06-08 13:42:44,938 - INFO - ❌ Gagal Kirim
2026-06-08 13:42:48,177 - INFO - ⚠️ Skip: Input: Kesehatan Reproduksi Putra - Anak Sekolah
2026-06-08 13:43:00,886 - INFO - ❌ Gagal Kirim
2026-06-08 13:43:04,058 - INFO - ⚠️ Skip: Input: Kesehatan Reproduksi Putri - Anak Sekolah
2026-06-08 13:43:16,720 - INFO - ❌ Gagal Kirim
2026-06-08 13:43:19,879 - INFO - ⚠️ Skip: Input: Kuesioner Tingkat Aktivitas Fisik - Tingkat Aktivitas Fisik
2026-06-08 13:43:29,398 - INFO - ❌ Gagal Kirim
2026-06-08 13:43:32,579 - INFO - ⚠️ Skip: Input: Kelayakan Tes Kebugaran
2026-06-08 13:43:48,431 - INFO - ❌ Gagal Kirim
2026-06-08 13:43:49,579 - INFO - ✅ Input: Hati
2026-06-08 13:43:52,998 - INFO - ⚠️ Skip: Input: Faktor Risiko Hepatitis SMP dan SMA
2026-06-08 13:43:56,807 - INFO - ✅ Kirim
2026-06-08 13:44:00,093 - INFO - ⚠️ Skip: Input: Kanker Leher Rahim
2026-06-08 13:44:06,447 - INFO - ❌ Gagal Kirim
2026-06-08 13:44:07,803 - INFO - ✅ Input: Kesehatan Jiwa
2026-06-08 13:44:11,846 - INFO - ✅ Kirim
2026-06-08 13:44:15,294 - INFO - ⚠️ Skip: Input: Penapisan Risiko Kanker Paru
2026-06-08 13:44:37,522 - INFO - ❌ Gagal Kirim
2026-06-08 13:44:38,603 - INFO - ✅ Input: Perilaku Merokok
2026-06-08 13:44:41,815 - INFO - ⚠️ Skip: Input: Perilaku Merokok - Anak Sekolah
2026-06-08 13:44:45,842 - INFO - ✅ Kirim
2026-06-08 13:44:49,254 - INFO - ⚠️ Skip: Input: Riwayat Imunisasi Tetanus(Status T) - Hanya untuk Catin
2026-06-08 13:44:52,426 - INFO - ⚠️ Dropdown gagal: sq_100i -> Tidak tahu atau tidak ingat
2026-06-08 13:44:55,602 - INFO - ❌ Gagal Kirim
2026-06-08 13:44:56,735 - INFO - ✅ Input: Tingkat Aktivitas Fisik (sedang dan berat)
2026-06-08 13:45:01,935 - INFO - ✅ Kirim
2026-06-08 13:45:05,224 - INFO - ⚠️ Skip: Input row: rowfrm000051
2026-06-08 13:45:06,783 - INFO - ✅ Input row: rowfrm000093
2026-06-08 13:45:10,154 - INFO - ⚠️ Skip: Input row: rowfrm000119
2026-06-08 13:45:15,204 - INFO - ⚠️ Dropdown gagal: sq_102i -> Gizi Baik
2026-06-08 13:45:17,843 - INFO - ✅ Kirim
2026-06-08 13:45:20,737 - INFO - ✅ Input row: rowfrm000256
2026-06-08 13:45:23,768 - INFO - ⚠️ Skip: Input row: rowfrm000197
2026-06-08 13:45:30,408 - INFO - ✅ Kirim
2026-06-08 13:45:32,392 - INFO - ✅ Input row: rowfrm000265
2026-06-08 13:45:35,430 - INFO - ⚠️ Skip: Input row: rowfrm000266
2026-06-08 13:45:45,731 - INFO - ✅ Kirim
2026-06-08 13:45:47,882 - INFO - ✅ Selesaikan Layanan
2026-06-08 13:45:49,998 - INFO - ✅ Konfirmasi
2026-06-08 13:45:53,080 - INFO - ✅ Selesai: FIRDAUS
2026-06-08 13:45:53,082 - INFO - 
===== PASIEN 4/14 =====
2026-06-08 13:45:53,083 - INFO - 👤 ARIAH
2026-06-08 13:45:53,755 - INFO - ✅ Tab Belum Pemeriksaan
2026-06-08 13:45:54,890 - INFO - ✅ Mulai: ARIAH
2026-06-08 13:45:57,053 - INFO - ✅ Tombol: Mulai Pemeriksaan
2026-06-08 13:45:57,176 - INFO - ✅ Simpan
2026-06-08 13:46:02,348 - INFO - ⚠️ Skip: Input: Demografi Dewasa Perempuan
2026-06-08 13:46:03,415 - INFO - ✅ Input: Demografi Lansia
2026-06-08 13:46:06,719 - INFO - ⚠️ Skip: Input: Demografi Dewasa Laki-Laki
2026-06-08 13:46:06,853 - INFO - ✅ Radio: Status Perkawinan → Menikah
2026-06-08 13:46:10,052 - INFO - ⚠️ Skip radio: Apakah Anda sedang hamil
2026-06-08 13:46:10,163 - INFO - ✅ Radio: Apakah Anda penyandang disabilitas? → Non disabilitas
2026-06-08 13:46:12,785 - INFO - ✅ Kirim
2026-06-08 13:46:14,739 - INFO - ✅ Input: Faktor Risiko Kanker Usus
2026-06-08 13:46:15,627 - INFO - ✅ Radio: kanker kolorektal → Tidak
2026-06-08 13:46:18,397 - INFO - ✅ Kirim
2026-06-08 13:46:21,893 - INFO - ⚠️ Skip: Input: Faktor Risiko Malaria
2026-06-08 13:46:37,781 - INFO - ❌ Gagal Kirim
2026-06-08 13:46:39,056 - INFO - ✅ Input: Faktor Risiko TB - Dewasa & Lansia
2026-06-08 13:46:42,870 - INFO - ✅ Kirim
2026-06-08 13:46:46,250 - INFO - ⚠️ Skip: Input: Gejala Cemas Remaja
2026-06-08 13:46:58,920 - INFO - ❌ Gagal Kirim
2026-06-08 13:47:02,093 - INFO - ⚠️ Skip: Input: Gejala Depresi Remaja
2026-06-08 13:47:14,793 - INFO - ❌ Gagal Kirim
2026-06-08 13:47:17,978 - INFO - ⚠️ Skip: Input: Kesehatan Reproduksi Putra - Anak Sekolah
2026-06-08 13:47:30,507 - INFO - ❌ Gagal Kirim
2026-06-08 13:47:30,511 - INFO - ⚠️ Skip: Input: Kesehatan Reproduksi Putri - Anak Sekolah
2026-06-08 13:47:30,517 - INFO - ❌ Gagal Kirim
2026-06-08 13:47:30,519 - INFO - ⚠️ Skip: Input: Kuesioner Tingkat Aktivitas Fisik - Tingkat Aktivitas Fisik
2026-06-08 13:47:30,539 - INFO - ❌ Gagal Kirim
2026-06-08 13:47:30,541 - INFO - ⚠️ Skip: Input: Kelayakan Tes Kebugaran
2026-06-08 13:47:30,549 - INFO - ❌ Gagal Kirim
2026-06-08 13:47:30,550 - INFO - ⚠️ Skip: Input: Hati
2026-06-08 13:47:30,551 - INFO - ⚠️ Skip: Input: Faktor Risiko Hepatitis SMP dan SMA
2026-06-08 13:47:30,581 - INFO - ❌ Gagal Kirim
2026-06-08 13:47:30,583 - INFO - ⚠️ Skip: Input: Kanker Leher Rahim
2026-06-08 13:47:30,585 - INFO - ❌ Gagal Kirim
2026-06-08 13:47:30,587 - INFO - ⚠️ Skip: Input: Kesehatan Jiwa
2026-06-08 13:47:30,592 - INFO - ❌ Gagal Kirim
2026-06-08 13:47:30,594 - INFO - ⚠️ Skip: Input: Penapisan Risiko Kanker Paru
2026-06-08 13:47:30,601 - INFO - ❌ Gagal Kirim
2026-06-08 13:47:30,602 - INFO - ⚠️ Skip: Input: Perilaku Merokok
2026-06-08 13:47:30,603 - INFO - ⚠️ Skip: Input: Perilaku Merokok - Anak Sekolah
2026-06-08 13:47:31,607 - INFO - ❌ Gagal Kirim
2026-06-08 13:47:31,608 - INFO - ⚠️ Skip: Input: Riwayat Imunisasi Tetanus(Status T) - Hanya untuk Catin
2026-06-08 13:47:31,608 - INFO - ⚠️ Dropdown gagal: sq_100i -> Tidak tahu atau tidak ingat
2026-06-08 13:47:31,609 - INFO - ❌ Gagal Kirim
2026-06-08 13:47:31,610 - INFO - ⚠️ Skip: Input: Tingkat Aktivitas Fisik (sedang dan berat)
2026-06-08 13:47:31,610 - INFO - ⚠️ Dropdown gagal: sq_100i -> Tidak
2026-06-08 13:47:31,611 - INFO - ⚠️ Dropdown gagal: sq_103i -> Tidak
2026-06-08 13:47:31,612 - INFO - ⚠️ Dropdown gagal: sq_106i -> Tidak
2026-06-08 13:47:31,612 - INFO - ⚠️ Dropdown gagal: sq_109i -> Tidak
2026-06-08 13:47:31,613 - INFO - ⚠️ Dropdown gagal: sq_112i -> Tidak
2026-06-08 13:47:31,614 - INFO - ⚠️ Dropdown gagal: sq_115i -> Tidak
2026-06-08 13:47:31,614 - INFO - ❌ Gagal Kirim
2026-06-08 13:47:31,615 - INFO - ⚠️ Skip: Input row: rowfrm000051
2026-06-08 13:47:31,616 - INFO - ⚠️ Skip: Input row: rowfrm000093
2026-06-08 13:47:31,617 - INFO - ⚠️ Skip: Input row: rowfrm000119
2026-06-08 13:47:31,619 - INFO - ⚠️ Dropdown gagal: sq_102i -> Gizi Baik
2026-06-08 13:47:31,620 - INFO - ❌ Gagal Kirim
2026-06-08 13:47:31,621 - INFO - ⚠️ Skip: Input row: rowfrm000256
2026-06-08 13:47:31,622 - INFO - ⚠️ Skip: Input row: rowfrm000197
2026-06-08 13:47:31,624 - INFO - ❌ Gagal Kirim
2026-06-08 13:47:31,625 - INFO - ⚠️ Skip: Input row: rowfrm000265
2026-06-08 13:47:31,626 - INFO - ⚠️ Skip: Input row: rowfrm000266
2026-06-08 13:47:31,629 - INFO - ❌ Gagal Kirim
2026-06-08 13:54:50,371 - INFO - ⚠️ Skip: Selesaikan Layanan
2026-06-08 13:54:52,373 - INFO - ⚠️ Skip: Selesaikan Layanan
2026-06-08 13:54:54,377 - INFO - ⚠️ Skip: Selesaikan Layanan
2026-06-08 13:54:58,380 - INFO - ⚠️ Skip: Konfirmasi
2026-06-08 13:55:00,382 - INFO - ⚠️ Skip: Konfirmasi
2026-06-08 13:55:02,384 - INFO - ⚠️ Skip: Konfirmasi
2026-06-08 13:55:07,386 - INFO - ✅ Selesai: ARIAH
2026-06-08 13:55:07,388 - INFO - 
===== PASIEN 5/14 =====
2026-06-08 13:55:07,388 - INFO - 👤 RATNA DWI JAYANTI
2026-06-08 13:55:07,389 - INFO - ⚠️ Skip: Tab Belum Pemeriksaan
2026-06-08 13:55:07,390 - INFO - ⛔ Gagal cari: RATNA DWI JAYANTI
2026-06-08 13:55:07,392 - INFO - 
===== PASIEN 6/14 =====
2026-06-08 13:55:07,392 - INFO - 👤 DARTO EVENSUS PAKPAHAN
2026-06-08 13:55:07,392 - INFO - ⚠️ Skip: Tab Belum Pemeriksaan
2026-06-08 13:55:07,393 - INFO - ⛔ Gagal cari: DARTO EVENSUS PAKPAHAN
2026-06-08 13:55:07,398 - INFO - 
===== PASIEN 7/14 =====
2026-06-08 13:55:07,398 - INFO - 👤 NUR ASIYAH
2026-06-08 13:55:07,407 - INFO - ⚠️ Skip: Tab Belum Pemeriksaan
2026-06-08 13:55:07,407 - INFO - ⛔ Gagal cari: NUR ASIYAH
2026-06-08 13:55:07,409 - INFO - 
===== PASIEN 8/14 =====
2026-06-08 13:55:07,409 - INFO - 👤 CHRISTINA SIMAMORA
2026-06-08 13:55:07,410 - INFO - ⚠️ Skip: Tab Belum Pemeriksaan
2026-06-08 13:55:07,412 - INFO - ⛔ Gagal cari: CHRISTINA SIMAMORA
2026-06-08 13:55:07,415 - INFO - 
===== PASIEN 9/14 =====
2026-06-08 13:55:07,416 - INFO - 👤 MUSI
2026-06-08 13:55:07,416 - INFO - ⚠️ Skip: Tab Belum Pemeriksaan
2026-06-08 13:55:07,417 - INFO - ⛔ Gagal cari: MUSI
2026-06-08 13:55:07,419 - INFO - 
===== PASIEN 10/14 =====
2026-06-08 13:55:07,419 - INFO - 👤 ZORYA BATHARANDRA ICHSAN
2026-06-08 13:55:07,420 - INFO - ⚠️ Skip: Tab Belum Pemeriksaan
2026-06-08 13:55:07,420 - INFO - ⛔ Gagal cari: ZORYA BATHARANDRA ICHSAN
2026-06-08 13:55:07,422 - INFO - 
===== PASIEN 11/14 =====
2026-06-08 13:55:07,422 - INFO - 👤 BUNGA ACIPTA RIZKY
2026-06-08 13:55:07,423 - INFO - ⚠️ Skip: Tab Belum Pemeriksaan
2026-06-08 13:55:07,423 - INFO - ⛔ Gagal cari: BUNGA ACIPTA RIZKY
2026-06-08 13:55:07,425 - INFO - 
===== PASIEN 12/14 =====
2026-06-08 13:55:07,425 - INFO - 👤 MUHAMAD JUL ANGGARA
2026-06-08 13:55:07,426 - INFO - ⚠️ Skip: Tab Belum Pemeriksaan
2026-06-08 13:55:07,427 - INFO - ⛔ Gagal cari: MUHAMAD JUL ANGGARA
2026-06-08 13:55:07,430 - INFO - 
===== PASIEN 13/14 =====
2026-06-08 13:55:07,430 - INFO - 👤 PAKIATUL PULUNG
2026-06-08 13:55:07,432 - INFO - ⚠️ Skip: Tab Belum Pemeriksaan
2026-06-08 13:55:07,432 - INFO - ⛔ Gagal cari: PAKIATUL PULUNG
2026-06-08 13:55:07,434 - INFO - 
===== PASIEN 14/14 =====
2026-06-08 13:55:07,434 - INFO - 👤 ROSIDAH
2026-06-08 13:55:07,435 - INFO - ⚠️ Skip: Tab Belum Pemeriksaan
2026-06-08 13:55:07,436 - INFO - ⛔ Gagal cari: ROSIDAH
2026-06-08 13:55:07,437 - INFO - 
===== HASIL =====
2026-06-08 13:55:07,438 - INFO - Total     : 14
2026-06-08 13:55:07,438 - INFO - Sukses    : 4
2026-06-08 13:55:07,438 - INFO - Gagal     : 10
2026-06-08 13:55:07,438 - INFO - Not found : 0
2026-06-08 13:55:07,438 - INFO - 
✅ Bot selesai!
2026-06-08 13:59:20,474 - INFO - URL: https://sehatindonesiaku.kemkes.go.id/profile
2026-06-08 13:59:23,920 - INFO - ✅ CKG Umum
2026-06-08 13:59:24,044 - INFO - ✅ Menu Pelayanan
2026-06-08 13:59:43,045 - INFO - ⚠️ Skip: Tombol: Simpan
2026-06-08 13:59:43,674 - INFO - 📂 Resume dari index 3
2026-06-08 13:59:43,675 - INFO - 
===== PASIEN 4/14 =====
2026-06-08 13:59:43,677 - INFO - 👤 ARIAH
2026-06-08 13:59:43,791 - INFO - ✅ Tab Belum Pemeriksaan
2026-06-08 13:59:46,974 - INFO - ✅ Mulai: ARIAH
2026-06-08 13:59:52,192 - INFO - ⚠️ Skip: Tombol: Mulai Pemeriksaan
2026-06-08 13:59:55,501 - INFO - ⚠️ Skip: Simpan
2026-06-08 14:00:00,623 - INFO - ⚠️ Skip: Simpan
2026-06-08 14:00:05,746 - INFO - ⚠️ Skip: Simpan
2026-06-08 14:00:12,879 - INFO - ⚠️ Skip: Input: Demografi Dewasa Perempuan
2026-06-08 14:00:13,477 - INFO - ✅ Input: Demografi Lansia
2026-06-08 14:00:16,621 - INFO - ⚠️ Skip: Input: Demografi Dewasa Laki-Laki
2026-06-08 14:00:16,685 - INFO - ✅ Radio: Status Perkawinan → Menikah
2026-06-08 14:00:19,799 - INFO - ⚠️ Skip radio: Apakah Anda sedang hamil
2026-06-08 14:00:19,871 - INFO - ✅ Radio: Apakah Anda penyandang disabilitas? → Non disabilitas
2026-06-08 14:00:22,453 - INFO - ✅ Kirim
2026-06-08 14:00:23,776 - INFO - ✅ Input: Faktor Risiko Kanker Usus
2026-06-08 14:00:24,575 - INFO - ✅ Radio: kanker kolorektal → Tidak
2026-06-08 14:00:27,493 - INFO - ✅ Kirim
2026-06-08 14:00:30,689 - INFO - ⚠️ Skip: Input: Faktor Risiko Malaria
2026-06-08 14:00:46,358 - INFO - ❌ Gagal Kirim
2026-06-08 14:00:46,817 - INFO - ✅ Input: Faktor Risiko TB - Dewasa & Lansia
2026-06-08 14:00:49,985 - INFO - ✅ Kirim
2026-06-08 14:00:53,166 - INFO - ⚠️ Skip: Input: Gejala Cemas Remaja
2026-06-08 14:01:06,276 - INFO - ❌ Gagal Kirim
2026-06-08 14:01:09,401 - INFO - ⚠️ Skip: Input: Gejala Depresi Remaja
2026-06-08 14:01:21,918 - INFO - ❌ Gagal Kirim
2026-06-08 14:01:25,276 - INFO - ⚠️ Skip: Input: Kesehatan Reproduksi Putra - Anak Sekolah
2026-06-08 14:01:38,093 - INFO - ❌ Gagal Kirim
2026-06-08 14:01:41,221 - INFO - ⚠️ Skip: Input: Kesehatan Reproduksi Putri - Anak Sekolah
2026-06-08 14:01:53,745 - INFO - ❌ Gagal Kirim
2026-06-08 14:01:57,087 - INFO - ⚠️ Skip: Input: Kuesioner Tingkat Aktivitas Fisik - Tingkat Aktivitas Fisik
2026-06-08 14:02:06,669 - INFO - ❌ Gagal Kirim
2026-06-08 14:02:09,801 - INFO - ⚠️ Skip: Input: Kelayakan Tes Kebugaran
2026-06-08 14:02:25,575 - INFO - ❌ Gagal Kirim
2026-06-08 14:02:26,286 - INFO - ✅ Input: Hati
2026-06-08 14:02:29,755 - INFO - ⚠️ Skip: Input: Faktor Risiko Hepatitis SMP dan SMA
2026-06-08 14:02:33,318 - INFO - ✅ Kirim
2026-06-08 14:02:36,449 - INFO - ⚠️ Skip: Input: Kanker Leher Rahim
2026-06-08 14:02:42,707 - INFO - ❌ Gagal Kirim
2026-06-08 14:02:43,669 - INFO - ✅ Input: Kesehatan Jiwa
2026-06-08 14:02:46,615 - INFO - ✅ Kirim
2026-06-08 14:02:47,483 - INFO - ✅ Input: Penapisan Risiko Kanker Paru
2026-06-08 14:02:51,562 - INFO - ✅ Kirim
2026-06-08 14:02:52,436 - INFO - ✅ Input: Perilaku Merokok
2026-06-08 14:02:55,607 - INFO - ⚠️ Skip: Input: Perilaku Merokok - Anak Sekolah
2026-06-08 14:02:59,698 - INFO - ✅ Kirim
2026-06-08 14:03:02,885 - INFO - ⚠️ Skip: Input: Riwayat Imunisasi Tetanus(Status T) - Hanya untuk Catin
2026-06-08 14:03:06,001 - INFO - ⚠️ Dropdown gagal: sq_100i -> Tidak tahu atau tidak ingat
2026-06-08 14:03:09,142 - INFO - ❌ Gagal Kirim
2026-06-08 14:03:10,340 - INFO - ✅ Input: Tingkat Aktivitas Fisik (sedang dan berat)
2026-06-08 14:03:14,176 - INFO - ✅ Kirim
2026-06-08 14:03:14,633 - INFO - ✅ Input row: rowfrm000051
2026-06-08 14:03:17,786 - INFO - ⚠️ Skip: Input row: rowfrm000093
2026-06-08 14:03:20,903 - INFO - ⚠️ Skip: Input row: rowfrm000119
2026-06-08 14:03:25,212 - INFO - ⚠️ Dropdown gagal: sq_102i -> Gizi Baik
2026-06-08 14:03:27,785 - INFO - ✅ Kirim
2026-06-08 14:03:28,847 - INFO - ✅ Input row: rowfrm000256
2026-06-08 14:03:32,056 - INFO - ⚠️ Skip: Input row: rowfrm000197
2026-06-08 14:03:38,197 - INFO - ✅ Kirim
2026-06-08 14:03:38,692 - INFO - ✅ Input row: rowfrm000265
2026-06-08 14:03:41,825 - INFO - ⚠️ Skip: Input row: rowfrm000266
2026-06-08 14:03:51,438 - INFO - ✅ Kirim
2026-06-08 14:03:53,606 - INFO - ✅ Selesaikan Layanan
2026-06-08 14:03:55,749 - INFO - ✅ Konfirmasi
2026-06-08 14:03:58,931 - INFO - ✅ Selesai: ARIAH
2026-06-08 14:03:58,938 - INFO - 
===== PASIEN 5/14 =====
2026-06-08 14:03:58,945 - INFO - 👤 RATNA DWI JAYANTI
2026-06-08 14:03:59,478 - INFO - ✅ Tab Belum Pemeriksaan
2026-06-08 14:04:01,487 - INFO - ✅ Mulai: RATNA DWI JAYANTI
2026-06-08 14:04:03,708 - INFO - ✅ Tombol: Mulai Pemeriksaan
2026-06-08 14:04:03,851 - INFO - ✅ Simpan
2026-06-08 14:04:07,372 - INFO - ✅ Input: Demografi Dewasa Perempuan
2026-06-08 14:04:10,712 - INFO - ⚠️ Skip: Input: Demografi Lansia
2026-06-08 14:04:13,870 - INFO - ⚠️ Skip: Input: Demografi Dewasa Laki-Laki
2026-06-08 14:04:14,035 - INFO - ✅ Radio: Status Perkawinan → Menikah
2026-06-08 14:04:14,219 - INFO - ✅ Radio: Apakah Anda sedang hamil → Tidak
2026-06-08 14:04:14,335 - INFO - ✅ Radio: Apakah Anda penyandang disabilitas? → Non disabilitas
2026-06-08 14:04:16,983 - INFO - ✅ Kirim
2026-06-08 14:04:20,337 - INFO - ⚠️ Skip: Input: Faktor Risiko Kanker Usus
2026-06-08 14:04:23,548 - INFO - ⚠️ Skip radio: kanker kolorektal
2026-06-08 14:04:29,893 - INFO - ❌ Gagal Kirim
2026-06-08 14:04:33,183 - INFO - ⚠️ Skip: Input: Faktor Risiko Malaria
2026-06-08 14:04:49,256 - INFO - ❌ Gagal Kirim
2026-06-08 14:04:50,998 - INFO - ✅ Input: Faktor Risiko TB - Dewasa & Lansia
2026-06-08 14:04:54,334 - INFO - ✅ Kirim
2026-06-08 14:04:57,714 - INFO - ⚠️ Skip: Input: Gejala Cemas Remaja
2026-06-08 14:05:10,911 - INFO - ❌ Gagal Kirim
2026-06-08 14:05:14,100 - INFO - ⚠️ Skip: Input: Gejala Depresi Remaja
2026-06-08 14:05:26,762 - INFO - ❌ Gagal Kirim
2026-06-08 14:05:29,935 - INFO - ⚠️ Skip: Input: Kesehatan Reproduksi Putra - Anak Sekolah
2026-06-08 14:05:42,783 - INFO - ❌ Gagal Kirim
2026-06-08 14:05:45,956 - INFO - ⚠️ Skip: Input: Kesehatan Reproduksi Putri - Anak Sekolah
2026-06-08 14:05:58,635 - INFO - ❌ Gagal Kirim
2026-06-08 14:06:01,804 - INFO - ⚠️ Skip: Input: Kuesioner Tingkat Aktivitas Fisik - Tingkat Aktivitas Fisik
2026-06-08 14:06:11,519 - INFO - ❌ Gagal Kirim
2026-06-08 14:06:14,858 - INFO - ⚠️ Skip: Input: Kelayakan Tes Kebugaran
2026-06-08 14:06:30,668 - INFO - ❌ Gagal Kirim
2026-06-08 14:06:31,798 - INFO - ✅ Input: Hati
2026-06-08 14:06:35,194 - INFO - ⚠️ Skip: Input: Faktor Risiko Hepatitis SMP dan SMA
2026-06-08 14:06:39,128 - INFO - ✅ Kirim
2026-06-08 14:06:41,163 - INFO - ✅ Input: Kanker Leher Rahim
2026-06-08 14:06:45,314 - INFO - ✅ Kirim
2026-06-08 14:06:47,492 - INFO - ✅ Input: Kesehatan Jiwa
2026-06-08 14:06:52,044 - INFO - ✅ Kirim
2026-06-08 14:06:55,373 - INFO - ⚠️ Skip: Input: Penapisan Risiko Kanker Paru
2026-06-08 14:07:17,685 - INFO - ❌ Gagal Kirim
2026-06-08 14:07:19,074 - INFO - ✅ Input: Perilaku Merokok
2026-06-08 14:07:22,270 - INFO - ⚠️ Skip: Input: Perilaku Merokok - Anak Sekolah
2026-06-08 14:07:26,373 - INFO - ✅ Kirim
2026-06-08 14:07:29,190 - INFO - ✅ Input: Riwayat Imunisasi Tetanus(Status T) - Hanya untuk Catin
2026-06-08 14:07:32,912 - INFO - ✅ Kirim
2026-06-08 14:07:35,543 - INFO - ✅ Input: Tingkat Aktivitas Fisik (sedang dan berat)
2026-06-08 14:07:40,794 - INFO - ✅ Kirim
2026-06-08 14:07:42,824 - INFO - ✅ Input row: rowfrm000051
2026-06-08 14:07:46,123 - INFO - ⚠️ Skip: Input row: rowfrm000093
2026-06-08 14:07:49,293 - INFO - ⚠️ Skip: Input row: rowfrm000119
2026-06-08 14:07:54,338 - INFO - ⚠️ Dropdown gagal: sq_102i -> Gizi Baik
2026-06-08 14:07:56,972 - INFO - ✅ Kirim
2026-06-08 14:08:00,831 - INFO - ✅ Input row: rowfrm000256
2026-06-08 14:08:03,857 - INFO - ⚠️ Skip: Input row: rowfrm000197
2026-06-08 14:08:11,600 - INFO - ✅ Kirim
2026-06-08 14:08:13,685 - INFO - ✅ Input row: rowfrm000265
2026-06-08 14:08:17,139 - INFO - ⚠️ Skip: Input row: rowfrm000266
2026-06-08 14:08:27,508 - INFO - ✅ Kirim
2026-06-08 14:08:29,663 - INFO - ✅ Selesaikan Layanan
2026-06-08 14:08:31,780 - INFO - ✅ Konfirmasi
2026-06-08 14:08:34,867 - INFO - ✅ Selesai: RATNA DWI JAYANTI
2026-06-08 14:08:34,869 - INFO - 
===== PASIEN 6/14 =====
2026-06-08 14:08:34,870 - INFO - 👤 DARTO EVENSUS PAKPAHAN
2026-06-08 14:08:35,583 - INFO - ✅ Tab Belum Pemeriksaan
2026-06-08 14:08:36,810 - INFO - ✅ Mulai: DARTO EVENSUS PAKPAHAN
2026-06-08 14:08:39,284 - INFO - ✅ Tombol: Mulai Pemeriksaan
2026-06-08 14:08:39,754 - INFO - ✅ Simpan
2026-06-08 14:08:44,996 - INFO - ⚠️ Skip: Input: Demografi Dewasa Perempuan
2026-06-08 14:08:48,155 - INFO - ⚠️ Skip: Input: Demografi Lansia
2026-06-08 14:08:49,258 - INFO - ✅ Input: Demografi Dewasa Laki-Laki
2026-06-08 14:08:50,138 - INFO - ✅ Radio: Status Perkawinan → Menikah
2026-06-08 14:08:53,332 - INFO - ⚠️ Skip radio: Apakah Anda sedang hamil
2026-06-08 14:08:53,443 - INFO - ✅ Radio: Apakah Anda penyandang disabilitas? → Non disabilitas
2026-06-08 14:08:56,086 - INFO - ✅ Kirim
2026-06-08 14:08:58,081 - INFO - ✅ Input: Faktor Risiko Kanker Usus
2026-06-08 14:08:58,877 - INFO - ✅ Radio: kanker kolorektal → Tidak
2026-06-08 14:09:01,653 - INFO - ✅ Kirim
2026-06-08 14:09:05,012 - INFO - ⚠️ Skip: Input: Faktor Risiko Malaria
2026-06-08 14:09:21,397 - INFO - ❌ Gagal Kirim
2026-06-08 14:09:22,413 - INFO - ✅ Input: Faktor Risiko TB - Dewasa & Lansia
2026-06-08 14:09:26,040 - INFO - ✅ Kirim
2026-06-08 14:09:29,352 - INFO - ⚠️ Skip: Input: Gejala Cemas Remaja
2026-06-08 14:09:42,051 - INFO - ❌ Gagal Kirim
2026-06-08 14:09:45,353 - INFO - ⚠️ Skip: Input: Gejala Depresi Remaja
2026-06-08 14:09:58,271 - INFO - ❌ Gagal Kirim
2026-06-08 14:10:01,443 - INFO - ⚠️ Skip: Input: Kesehatan Reproduksi Putra - Anak Sekolah
2026-06-08 14:10:14,102 - INFO - ❌ Gagal Kirim
2026-06-08 14:10:17,533 - INFO - ⚠️ Skip: Input: Kesehatan Reproduksi Putri - Anak Sekolah
2026-06-08 14:10:30,402 - INFO - ❌ Gagal Kirim
2026-06-08 14:10:33,577 - INFO - ⚠️ Skip: Input: Kuesioner Tingkat Aktivitas Fisik - Tingkat Aktivitas Fisik
2026-06-08 14:10:43,074 - INFO - ❌ Gagal Kirim
2026-06-08 14:10:46,326 - INFO - ⚠️ Skip: Input: Kelayakan Tes Kebugaran
2026-06-08 14:11:02,422 - INFO - ❌ Gagal Kirim
2026-06-08 14:11:03,497 - INFO - ✅ Input: Hati
2026-06-08 14:11:06,925 - INFO - ⚠️ Skip: Input: Faktor Risiko Hepatitis SMP dan SMA
2026-06-08 14:11:10,878 - INFO - ✅ Kirim
2026-06-08 14:11:14,332 - INFO - ⚠️ Skip: Input: Kanker Leher Rahim
2026-06-08 14:11:20,784 - INFO - ❌ Gagal Kirim
2026-06-08 14:11:21,918 - INFO - ✅ Input: Kesehatan Jiwa
2026-06-08 14:11:26,265 - INFO - ✅ Kirim
2026-06-08 14:11:28,323 - INFO - ✅ Input: Penapisan Risiko Kanker Paru
2026-06-08 14:11:33,140 - INFO - ✅ Kirim
2026-06-08 14:11:35,085 - INFO - ✅ Input: Perilaku Merokok
2026-06-08 14:11:38,421 - INFO - ⚠️ Skip: Input: Perilaku Merokok - Anak Sekolah
2026-06-08 14:11:42,509 - INFO - ✅ Kirim
2026-06-08 14:11:45,753 - INFO - ⚠️ Skip: Input: Riwayat Imunisasi Tetanus(Status T) - Hanya untuk Catin
2026-06-08 14:11:48,925 - INFO - ⚠️ Dropdown gagal: sq_100i -> Tidak tahu atau tidak ingat
2026-06-08 14:11:52,092 - INFO - ❌ Gagal Kirim
2026-06-08 14:11:53,237 - INFO - ✅ Input: Tingkat Aktivitas Fisik (sedang dan berat)
2026-06-08 14:11:58,654 - INFO - ✅ Kirim
2026-06-08 14:12:02,030 - INFO - ⚠️ Skip: Input row: rowfrm000051
2026-06-08 14:12:03,256 - INFO - ✅ Input row: rowfrm000093
2026-06-08 14:12:06,296 - INFO - ⚠️ Skip: Input row: rowfrm000119
2026-06-08 14:12:11,274 - INFO - ⚠️ Dropdown gagal: sq_102i -> Gizi Baik
2026-06-08 14:12:13,912 - INFO - ✅ Kirim
2026-06-08 14:12:17,074 - INFO - ⚠️ Skip: Input row: rowfrm000256
2026-06-08 14:12:20,213 - INFO - ⚠️ Skip: Input row: rowfrm000197
2026-06-08 14:12:29,311 - INFO - ✅ Kirim
2026-06-08 14:12:29,977 - INFO - ✅ Input row: rowfrm000265
2026-06-08 14:12:33,174 - INFO - ⚠️ Skip: Input row: rowfrm000266
2026-06-08 14:12:43,293 - INFO - ✅ Kirim
2026-06-08 14:12:45,370 - INFO - ✅ Selesaikan Layanan
2026-06-08 14:12:47,451 - INFO - ✅ Konfirmasi
2026-06-08 14:12:50,505 - INFO - ✅ Selesai: DARTO EVENSUS PAKPAHAN
2026-06-08 14:12:50,507 - INFO - 
===== PASIEN 7/14 =====
2026-06-08 14:12:50,508 - INFO - 👤 NUR ASIYAH
2026-06-08 14:12:51,102 - INFO - ✅ Tab Belum Pemeriksaan
2026-06-08 14:12:51,959 - INFO - ✅ Mulai: NUR ASIYAH
2026-06-08 14:12:54,033 - INFO - ✅ Tombol: Mulai Pemeriksaan
2026-06-08 14:12:54,105 - INFO - ✅ Simpan
2026-06-08 14:12:56,570 - INFO - ✅ Input: Demografi Dewasa Perempuan
2026-06-08 14:12:59,701 - INFO - ⚠️ Skip: Input: Demografi Lansia
2026-06-08 14:13:02,970 - INFO - ⚠️ Skip: Input: Demografi Dewasa Laki-Laki
2026-06-08 14:13:03,247 - INFO - ✅ Radio: Status Perkawinan → Menikah
2026-06-08 14:13:03,418 - INFO - ✅ Radio: Apakah Anda sedang hamil → Tidak
2026-06-08 14:13:03,515 - INFO - ✅ Radio: Apakah Anda penyandang disabilitas? → Non disabilitas
2026-06-08 14:13:06,133 - INFO - ✅ Kirim
2026-06-08 14:13:07,066 - INFO - ✅ Input: Faktor Risiko Kanker Usus
2026-06-08 14:13:07,680 - INFO - ✅ Radio: kanker kolorektal → Tidak
2026-06-08 14:13:10,338 - INFO - ✅ Kirim
2026-06-08 14:13:13,463 - INFO - ⚠️ Skip: Input: Faktor Risiko Malaria
2026-06-08 14:13:29,069 - INFO - ❌ Gagal Kirim
2026-06-08 14:13:29,523 - INFO - ✅ Input: Faktor Risiko TB - Dewasa & Lansia
2026-06-08 14:13:32,717 - INFO - ✅ Kirim
2026-06-08 14:13:36,023 - INFO - ⚠️ Skip: Input: Gejala Cemas Remaja
2026-06-08 14:13:48,544 - INFO - ❌ Gagal Kirim
2026-06-08 14:13:51,665 - INFO - ⚠️ Skip: Input: Gejala Depresi Remaja
2026-06-08 14:14:04,315 - INFO - ❌ Gagal Kirim
2026-06-08 14:14:07,500 - INFO - ⚠️ Skip: Input: Kesehatan Reproduksi Putra - Anak Sekolah
2026-06-08 14:14:20,011 - INFO - ❌ Gagal Kirim
2026-06-08 14:14:23,144 - INFO - ⚠️ Skip: Input: Kesehatan Reproduksi Putri - Anak Sekolah
2026-06-08 14:14:35,760 - INFO - ❌ Gagal Kirim
2026-06-08 14:14:39,023 - INFO - ⚠️ Skip: Input: Kuesioner Tingkat Aktivitas Fisik - Tingkat Aktivitas Fisik
2026-06-08 14:14:48,426 - INFO - ❌ Gagal Kirim
2026-06-08 14:14:51,556 - INFO - ⚠️ Skip: Input: Kelayakan Tes Kebugaran
2026-06-08 14:15:07,234 - INFO - ❌ Gagal Kirim
2026-06-08 14:15:07,948 - INFO - ✅ Input: Hati
2026-06-08 14:15:11,342 - INFO - ⚠️ Skip: Input: Faktor Risiko Hepatitis SMP dan SMA
2026-06-08 14:15:15,444 - INFO - ✅ Kirim
2026-06-08 14:15:15,980 - INFO - ✅ Input: Kanker Leher Rahim
2026-06-08 14:15:19,153 - INFO - ✅ Kirim
2026-06-08 14:15:19,638 - INFO - ✅ Input: Kesehatan Jiwa
2026-06-08 14:15:23,064 - INFO - ✅ Kirim
2026-06-08 14:15:23,530 - INFO - ✅ Input: Penapisan Risiko Kanker Paru
2026-06-08 14:15:27,651 - INFO - ✅ Kirim
2026-06-08 14:15:28,134 - INFO - ✅ Input: Perilaku Merokok
2026-06-08 14:15:31,259 - INFO - ⚠️ Skip: Input: Perilaku Merokok - Anak Sekolah
2026-06-08 14:15:35,044 - INFO - ✅ Kirim
2026-06-08 14:15:38,179 - INFO - ⚠️ Skip: Input: Riwayat Imunisasi Tetanus(Status T) - Hanya untuk Catin
2026-06-08 14:15:41,297 - INFO - ⚠️ Dropdown gagal: sq_100i -> Tidak tahu atau tidak ingat
2026-06-08 14:15:44,466 - INFO - ❌ Gagal Kirim
2026-06-08 14:15:44,999 - INFO - ✅ Input: Tingkat Aktivitas Fisik (sedang dan berat)
2026-06-08 14:15:51,346 - INFO - ✅ Kirim
2026-06-08 14:15:51,861 - INFO - ✅ Input row: rowfrm000051
2026-06-08 14:15:55,001 - INFO - ⚠️ Skip: Input row: rowfrm000093
2026-06-08 14:15:58,123 - INFO - ⚠️ Skip: Input row: rowfrm000119
2026-06-08 14:16:02,416 - INFO - ⚠️ Dropdown gagal: sq_102i -> Gizi Baik
2026-06-08 14:16:04,990 - INFO - ✅ Kirim
2026-06-08 14:16:05,496 - INFO - ✅ Input row: rowfrm000256
2026-06-08 14:16:08,614 - INFO - ⚠️ Skip: Input row: rowfrm000197
2026-06-08 14:16:14,769 - INFO - ✅ Kirim
2026-06-08 14:16:15,195 - INFO - ✅ Input row: rowfrm000265
2026-06-08 14:16:18,449 - INFO - ⚠️ Skip: Input row: rowfrm000266
2026-06-08 14:16:31,065 - INFO - ✅ Kirim
2026-06-08 14:16:33,243 - INFO - ✅ Selesaikan Layanan
2026-06-08 14:16:35,379 - INFO - ✅ Konfirmasi
2026-06-08 14:16:38,470 - INFO - ✅ Selesai: NUR ASIYAH
2026-06-08 14:16:38,472 - INFO - 
===== PASIEN 8/14 =====
2026-06-08 14:16:38,472 - INFO - 👤 CHRISTINA SIMAMORA
2026-06-08 14:16:39,147 - INFO - ✅ Tab Belum Pemeriksaan
2026-06-08 14:16:40,337 - INFO - ✅ Mulai: CHRISTINA SIMAMORA
2026-06-08 14:16:42,482 - INFO - ✅ Tombol: Mulai Pemeriksaan
2026-06-08 14:16:42,597 - INFO - ✅ Simpan
2026-06-08 14:16:45,746 - INFO - ✅ Input: Demografi Dewasa Perempuan
2026-06-08 14:16:48,974 - INFO - ⚠️ Skip: Input: Demografi Lansia
2026-06-08 14:16:52,154 - INFO - ⚠️ Skip: Input: Demografi Dewasa Laki-Laki
2026-06-08 14:16:52,329 - INFO - ✅ Radio: Status Perkawinan → Menikah
2026-06-08 14:16:52,466 - INFO - ✅ Radio: Apakah Anda sedang hamil → Tidak
2026-06-08 14:16:52,598 - INFO - ✅ Radio: Apakah Anda penyandang disabilitas? → Non disabilitas
2026-06-08 14:16:55,240 - INFO - ✅ Kirim
2026-06-08 14:16:58,417 - INFO - ⚠️ Skip: Input: Faktor Risiko Kanker Usus
2026-06-08 14:17:01,827 - INFO - ⚠️ Skip radio: kanker kolorektal
2026-06-08 14:17:08,272 - INFO - ❌ Gagal Kirim
2026-06-08 14:17:11,454 - INFO - ⚠️ Skip: Input: Faktor Risiko Malaria
2026-06-08 14:17:27,339 - INFO - ❌ Gagal Kirim
2026-06-08 14:17:28,377 - INFO - ✅ Input: Faktor Risiko TB - Dewasa & Lansia
2026-06-08 14:17:31,872 - INFO - ✅ Kirim
2026-06-08 14:17:35,147 - INFO - ⚠️ Skip: Input: Gejala Cemas Remaja
2026-06-08 14:17:48,223 - INFO - ❌ Gagal Kirim
2026-06-08 14:17:51,397 - INFO - ⚠️ Skip: Input: Gejala Depresi Remaja
2026-06-08 14:18:04,076 - INFO - ❌ Gagal Kirim
2026-06-08 14:18:07,250 - INFO - ⚠️ Skip: Input: Kesehatan Reproduksi Putra - Anak Sekolah
2026-06-08 14:18:20,355 - INFO - ❌ Gagal Kirim
2026-06-08 14:18:23,532 - INFO - ⚠️ Skip: Input: Kesehatan Reproduksi Putri - Anak Sekolah
2026-06-08 14:18:36,212 - INFO - ❌ Gagal Kirim
2026-06-08 14:18:39,388 - INFO - ⚠️ Skip: Input: Kuesioner Tingkat Aktivitas Fisik - Tingkat Aktivitas Fisik
2026-06-08 14:18:49,195 - INFO - ❌ Gagal Kirim
2026-06-08 14:18:52,388 - INFO - ⚠️ Skip: Input: Kelayakan Tes Kebugaran
2026-06-08 14:19:08,250 - INFO - ❌ Gagal Kirim
2026-06-08 14:19:09,616 - INFO - ✅ Input: Hati
2026-06-08 14:19:13,083 - INFO - ⚠️ Skip: Input: Faktor Risiko Hepatitis SMP dan SMA
2026-06-08 14:19:17,075 - INFO - ✅ Kirim
2026-06-08 14:19:19,011 - INFO - ✅ Input: Kanker Leher Rahim
2026-06-08 14:19:22,757 - INFO - ✅ Kirim
2026-06-08 14:19:25,063 - INFO - ✅ Input: Kesehatan Jiwa
2026-06-08 14:19:29,974 - INFO - ✅ Kirim
2026-06-08 14:19:33,056 - INFO - ⚠️ Skip: Input: Penapisan Risiko Kanker Paru
2026-06-08 14:19:55,313 - INFO - ❌ Gagal Kirim
2026-06-08 14:19:56,768 - INFO - ✅ Input: Perilaku Merokok
2026-06-08 14:20:00,090 - INFO - ⚠️ Skip: Input: Perilaku Merokok - Anak Sekolah
2026-06-08 14:20:04,295 - INFO - ✅ Kirim
2026-06-08 14:20:06,363 - INFO - ✅ Input: Riwayat Imunisasi Tetanus(Status T) - Hanya untuk Catin
2026-06-08 14:20:10,053 - INFO - ✅ Kirim
2026-06-08 14:20:11,579 - INFO - ✅ Input: Tingkat Aktivitas Fisik (sedang dan berat)
2026-06-08 14:20:16,533 - INFO - ✅ Kirim
2026-06-08 14:20:18,146 - INFO - ✅ Input row: rowfrm000051
2026-06-08 14:20:21,334 - INFO - ⚠️ Skip: Input row: rowfrm000093
2026-06-08 14:20:24,501 - INFO - ⚠️ Skip: Input row: rowfrm000119
2026-06-08 14:20:29,651 - INFO - ⚠️ Dropdown gagal: sq_102i -> Gizi Baik
2026-06-08 14:20:32,279 - INFO - ✅ Kirim
2026-06-08 14:20:34,770 - INFO - ✅ Input row: rowfrm000256
2026-06-08 14:20:37,915 - INFO - ⚠️ Skip: Input row: rowfrm000197
2026-06-08 14:20:44,050 - INFO - ✅ Kirim
2026-06-08 14:20:44,637 - INFO - ✅ Input row: rowfrm000265
2026-06-08 14:20:47,771 - INFO - ⚠️ Skip: Input row: rowfrm000266
2026-06-08 14:20:57,441 - INFO - ✅ Kirim
2026-06-08 14:20:59,514 - INFO - ✅ Selesaikan Layanan
2026-06-08 14:21:01,591 - INFO - ✅ Konfirmasi
2026-06-08 14:21:04,658 - INFO - ✅ Selesai: CHRISTINA SIMAMORA
2026-06-08 14:21:04,660 - INFO - 
===== PASIEN 9/14 =====
2026-06-08 14:21:04,660 - INFO - 👤 MUSI
2026-06-08 14:21:05,277 - INFO - ✅ Tab Belum Pemeriksaan
2026-06-08 14:21:06,139 - INFO - ✅ Mulai: MUSI
2026-06-08 14:21:08,215 - INFO - ✅ Tombol: Mulai Pemeriksaan
2026-06-08 14:21:08,286 - INFO - ✅ Simpan
2026-06-08 14:21:13,413 - INFO - ⚠️ Skip: Input: Demografi Dewasa Perempuan
2026-06-08 14:21:14,280 - INFO - ✅ Input: Demografi Lansia
2026-06-08 14:21:17,415 - INFO - ⚠️ Skip: Input: Demografi Dewasa Laki-Laki
2026-06-08 14:21:17,495 - INFO - ✅ Radio: Status Perkawinan → Menikah
2026-06-08 14:21:20,613 - INFO - ⚠️ Skip radio: Apakah Anda sedang hamil
2026-06-08 14:21:20,673 - INFO - ✅ Radio: Apakah Anda penyandang disabilitas? → Non disabilitas
2026-06-08 14:21:23,242 - INFO - ✅ Kirim
2026-06-08 14:21:23,894 - INFO - ✅ Input: Faktor Risiko Kanker Usus
2026-06-08 14:21:24,503 - INFO - ✅ Radio: kanker kolorektal → Tidak
2026-06-08 14:21:27,166 - INFO - ✅ Kirim
2026-06-08 14:21:30,303 - INFO - ⚠️ Skip: Input: Faktor Risiko Malaria
2026-06-08 14:21:45,890 - INFO - ❌ Gagal Kirim
2026-06-08 14:21:46,348 - INFO - ✅ Input: Faktor Risiko TB - Dewasa & Lansia
2026-06-08 14:21:49,576 - INFO - ✅ Kirim
2026-06-08 14:21:52,719 - INFO - ⚠️ Skip: Input: Gejala Cemas Remaja
2026-06-08 14:22:05,216 - INFO - ❌ Gagal Kirim
2026-06-08 14:22:08,342 - INFO - ⚠️ Skip: Input: Gejala Depresi Remaja
2026-06-08 14:22:20,875 - INFO - ❌ Gagal Kirim
2026-06-08 14:22:24,002 - INFO - ⚠️ Skip: Input: Kesehatan Reproduksi Putra - Anak Sekolah
2026-06-08 14:22:36,521 - INFO - ❌ Gagal Kirim
2026-06-08 14:22:39,639 - INFO - ⚠️ Skip: Input: Kesehatan Reproduksi Putri - Anak Sekolah
2026-06-08 14:22:52,153 - INFO - ❌ Gagal Kirim
2026-06-08 14:22:55,276 - INFO - ⚠️ Skip: Input: Kuesioner Tingkat Aktivitas Fisik - Tingkat Aktivitas Fisik
2026-06-08 14:23:04,661 - INFO - ❌ Gagal Kirim
2026-06-08 14:23:07,791 - INFO - ⚠️ Skip: Input: Kelayakan Tes Kebugaran
2026-06-08 14:23:23,422 - INFO - ❌ Gagal Kirim
2026-06-08 14:23:23,908 - INFO - ✅ Input: Hati
2026-06-08 14:23:27,053 - INFO - ⚠️ Skip: Input: Faktor Risiko Hepatitis SMP dan SMA
2026-06-08 14:23:30,331 - INFO - ✅ Kirim
2026-06-08 14:23:33,457 - INFO - ⚠️ Skip: Input: Kanker Leher Rahim
2026-06-08 14:23:39,714 - INFO - ❌ Gagal Kirim
2026-06-08 14:23:40,150 - INFO - ✅ Input: Kesehatan Jiwa
2026-06-08 14:23:43,575 - INFO - ✅ Kirim
2026-06-08 14:23:44,269 - INFO - ✅ Input: Penapisan Risiko Kanker Paru
2026-06-08 14:23:48,354 - INFO - ✅ Kirim
2026-06-08 14:23:48,794 - INFO - ✅ Input: Perilaku Merokok
2026-06-08 14:23:51,962 - INFO - ⚠️ Skip: Input: Perilaku Merokok - Anak Sekolah
2026-06-08 14:23:55,757 - INFO - ✅ Kirim
2026-06-08 14:23:58,889 - INFO - ⚠️ Skip: Input: Riwayat Imunisasi Tetanus(Status T) - Hanya untuk Catin
2026-06-08 14:24:02,017 - INFO - ⚠️ Dropdown gagal: sq_100i -> Tidak tahu atau tidak ingat
2026-06-08 14:24:05,152 - INFO - ❌ Gagal Kirim
2026-06-08 14:24:05,649 - INFO - ✅ Input: Tingkat Aktivitas Fisik (sedang dan berat)
2026-06-08 14:24:09,885 - INFO - ✅ Kirim
2026-06-08 14:24:13,024 - INFO - ⚠️ Skip: Input row: rowfrm000051
2026-06-08 14:24:13,453 - INFO - ✅ Input row: rowfrm000093
2026-06-08 14:24:16,602 - INFO - ⚠️ Skip: Input row: rowfrm000119
2026-06-08 14:24:20,848 - INFO - ⚠️ Dropdown gagal: sq_102i -> Gizi Baik
2026-06-08 14:24:23,419 - INFO - ✅ Kirim
2026-06-08 14:24:23,914 - INFO - ✅ Input row: rowfrm000256
2026-06-08 14:24:27,047 - INFO - ⚠️ Skip: Input row: rowfrm000197
2026-06-08 14:24:33,255 - INFO - ✅ Kirim
2026-06-08 14:24:35,464 - INFO - ✅ Input row: rowfrm000265
2026-06-08 14:24:38,637 - INFO - ⚠️ Skip: Input row: rowfrm000266
2026-06-08 14:24:49,339 - INFO - ✅ Kirim
2026-06-08 14:24:51,442 - INFO - ✅ Selesaikan Layanan
2026-06-08 14:24:53,506 - INFO - ✅ Konfirmasi
2026-06-08 14:24:56,556 - INFO - ✅ Selesai: MUSI
2026-06-08 14:24:56,557 - INFO - 
===== PASIEN 10/14 =====
2026-06-08 14:24:56,558 - INFO - 👤 ZORYA BATHARANDRA ICHSAN
2026-06-08 14:24:57,176 - INFO - ✅ Tab Belum Pemeriksaan
2026-06-08 14:24:58,386 - INFO - ✅ Mulai: ZORYA BATHARANDRA ICHSAN
2026-06-08 14:25:00,532 - INFO - ✅ Tombol: Mulai Pemeriksaan
2026-06-08 14:25:00,653 - INFO - ✅ Simpan
2026-06-08 14:25:05,780 - INFO - ⚠️ Skip: Input: Demografi Dewasa Perempuan
2026-06-08 14:25:08,937 - INFO - ⚠️ Skip: Input: Demografi Lansia
2026-06-08 14:25:09,574 - INFO - ✅ Input: Demografi Dewasa Laki-Laki
2026-06-08 14:25:10,456 - INFO - ✅ Radio: Status Perkawinan → Menikah
2026-06-08 14:25:13,659 - INFO - ⚠️ Skip radio: Apakah Anda sedang hamil
2026-06-08 14:25:13,768 - INFO - ✅ Radio: Apakah Anda penyandang disabilitas? → Non disabilitas
2026-06-08 14:25:16,360 - INFO - ✅ Kirim
2026-06-08 14:25:19,499 - INFO - ⚠️ Skip: Input: Faktor Risiko Kanker Usus
2026-06-08 14:25:22,640 - INFO - ⚠️ Skip radio: kanker kolorektal
2026-06-08 14:25:28,900 - INFO - ❌ Gagal Kirim
2026-06-08 14:25:32,038 - INFO - ⚠️ Skip: Input: Faktor Risiko Malaria
2026-06-08 14:25:47,829 - INFO - ❌ Gagal Kirim
2026-06-08 14:25:48,304 - INFO - ✅ Input: Faktor Risiko TB - Dewasa & Lansia
2026-06-08 14:25:51,499 - INFO - ✅ Kirim
2026-06-08 14:25:54,631 - INFO - ⚠️ Skip: Input: Gejala Cemas Remaja
2026-06-08 14:26:07,137 - INFO - ❌ Gagal Kirim
2026-06-08 14:26:10,328 - INFO - ⚠️ Skip: Input: Gejala Depresi Remaja
2026-06-08 14:26:23,061 - INFO - ❌ Gagal Kirim
2026-06-08 14:26:26,194 - INFO - ⚠️ Skip: Input: Kesehatan Reproduksi Putra - Anak Sekolah
2026-06-08 14:26:38,717 - INFO - ❌ Gagal Kirim
2026-06-08 14:26:41,874 - INFO - ⚠️ Skip: Input: Kesehatan Reproduksi Putri - Anak Sekolah
2026-06-08 14:26:54,765 - INFO - ❌ Gagal Kirim
2026-06-08 14:26:57,924 - INFO - ⚠️ Skip: Input: Kuesioner Tingkat Aktivitas Fisik - Tingkat Aktivitas Fisik
2026-06-08 14:27:07,292 - INFO - ❌ Gagal Kirim
2026-06-08 14:27:10,416 - INFO - ⚠️ Skip: Input: Kelayakan Tes Kebugaran
2026-06-08 14:27:26,372 - INFO - ❌ Gagal Kirim
2026-06-08 14:27:26,812 - INFO - ✅ Input: Hati
2026-06-08 14:27:29,944 - INFO - ⚠️ Skip: Input: Faktor Risiko Hepatitis SMP dan SMA
2026-06-08 14:27:33,174 - INFO - ✅ Kirim
2026-06-08 14:27:36,304 - INFO - ⚠️ Skip: Input: Kanker Leher Rahim
2026-06-08 14:27:42,564 - INFO - ❌ Gagal Kirim
2026-06-08 14:27:43,024 - INFO - ✅ Input: Kesehatan Jiwa
2026-06-08 14:27:47,291 - INFO - ✅ Kirim
2026-06-08 14:27:50,457 - INFO - ⚠️ Skip: Input: Penapisan Risiko Kanker Paru
2026-06-08 14:28:12,354 - INFO - ❌ Gagal Kirim
2026-06-08 14:28:12,922 - INFO - ✅ Input: Perilaku Merokok
2026-06-08 14:28:16,140 - INFO - ⚠️ Skip: Input: Perilaku Merokok - Anak Sekolah
2026-06-08 14:28:20,330 - INFO - ✅ Kirim
2026-06-08 14:28:23,460 - INFO - ⚠️ Skip: Input: Riwayat Imunisasi Tetanus(Status T) - Hanya untuk Catin
2026-06-08 14:28:26,578 - INFO - ⚠️ Dropdown gagal: sq_100i -> Tidak tahu atau tidak ingat
2026-06-08 14:28:29,717 - INFO - ❌ Gagal Kirim
2026-06-08 14:28:30,581 - INFO - ✅ Input: Tingkat Aktivitas Fisik (sedang dan berat)
2026-06-08 14:28:34,827 - INFO - ✅ Kirim
2026-06-08 14:28:37,960 - INFO - ⚠️ Skip: Input row: rowfrm000051
2026-06-08 14:28:38,615 - INFO - ✅ Input row: rowfrm000093
2026-06-08 14:28:41,744 - INFO - ⚠️ Skip: Input row: rowfrm000119
2026-06-08 14:28:45,966 - INFO - ⚠️ Dropdown gagal: sq_102i -> Gizi Baik
2026-06-08 14:28:48,694 - INFO - ✅ Kirim
2026-06-08 14:28:49,450 - INFO - ✅ Input row: rowfrm000256
2026-06-08 14:28:52,643 - INFO - ⚠️ Skip: Input row: rowfrm000197
2026-06-08 14:28:59,398 - INFO - ✅ Kirim
2026-06-08 14:29:01,081 - INFO - ✅ Input row: rowfrm000265
2026-06-08 14:29:04,255 - INFO - ⚠️ Skip: Input row: rowfrm000266
2026-06-08 14:29:14,547 - INFO - ✅ Kirim
2026-06-08 14:29:16,690 - INFO - ✅ Selesaikan Layanan
2026-06-08 14:29:18,960 - INFO - ✅ Konfirmasi
2026-06-08 14:29:22,303 - INFO - ✅ Selesai: ZORYA BATHARANDRA ICHSAN
2026-06-08 14:29:22,304 - INFO - 
===== PASIEN 11/14 =====
2026-06-08 14:29:22,305 - INFO - 👤 BUNGA ACIPTA RIZKY
2026-06-08 14:29:22,889 - INFO - ✅ Tab Belum Pemeriksaan
2026-06-08 14:29:24,716 - INFO - ✅ Mulai: BUNGA ACIPTA RIZKY
2026-06-08 14:29:26,870 - INFO - ✅ Tombol: Mulai Pemeriksaan
2026-06-08 14:29:27,011 - INFO - ✅ Simpan
2026-06-08 14:29:29,965 - INFO - ✅ Input: Demografi Dewasa Perempuan
2026-06-08 14:29:33,284 - INFO - ⚠️ Skip: Input: Demografi Lansia
2026-06-08 14:29:36,447 - INFO - ⚠️ Skip: Input: Demografi Dewasa Laki-Laki
2026-06-08 14:29:36,570 - INFO - ✅ Radio: Status Perkawinan → Menikah
2026-06-08 14:29:36,682 - INFO - ✅ Radio: Apakah Anda sedang hamil → Tidak
2026-06-08 14:29:36,792 - INFO - ✅ Radio: Apakah Anda penyandang disabilitas? → Non disabilitas
2026-06-08 14:29:39,407 - INFO - ✅ Kirim
2026-06-08 14:29:42,793 - INFO - ⚠️ Skip: Input: Faktor Risiko Kanker Usus
2026-06-08 14:29:45,994 - INFO - ⚠️ Skip radio: kanker kolorektal
2026-06-08 14:29:52,189 - INFO - ❌ Gagal Kirim
2026-06-08 14:29:55,492 - INFO - ⚠️ Skip: Input: Faktor Risiko Malaria
2026-06-08 14:30:11,418 - INFO - ❌ Gagal Kirim
2026-06-08 14:30:12,411 - INFO - ✅ Input: Faktor Risiko TB - Dewasa & Lansia
2026-06-08 14:30:15,861 - INFO - ✅ Kirim
2026-06-08 14:30:19,226 - INFO - ⚠️ Skip: Input: Gejala Cemas Remaja
2026-06-08 14:30:32,514 - INFO - ❌ Gagal Kirim
2026-06-08 14:30:35,672 - INFO - ⚠️ Skip: Input: Gejala Depresi Remaja
2026-06-08 14:30:48,352 - INFO - ❌ Gagal Kirim
2026-06-08 14:30:51,521 - INFO - ⚠️ Skip: Input: Kesehatan Reproduksi Putra - Anak Sekolah
2026-06-08 14:31:04,835 - INFO - ❌ Gagal Kirim
2026-06-08 14:31:08,002 - INFO - ⚠️ Skip: Input: Kesehatan Reproduksi Putri - Anak Sekolah
2026-06-08 14:31:20,635 - INFO - ❌ Gagal Kirim
2026-06-08 14:31:23,972 - INFO - ⚠️ Skip: Input: Kuesioner Tingkat Aktivitas Fisik - Tingkat Aktivitas Fisik
2026-06-08 14:31:33,932 - INFO - ❌ Gagal Kirim
2026-06-08 14:31:37,111 - INFO - ⚠️ Skip: Input: Kelayakan Tes Kebugaran
2026-06-08 14:31:52,961 - INFO - ❌ Gagal Kirim
2026-06-08 14:31:54,095 - INFO - ✅ Input: Hati
2026-06-08 14:31:57,459 - INFO - ⚠️ Skip: Input: Faktor Risiko Hepatitis SMP dan SMA
2026-06-08 14:32:01,486 - INFO - ✅ Kirim
2026-06-08 14:32:04,844 - INFO - ⚠️ Skip: Input: Kanker Leher Rahim
2026-06-08 14:32:11,167 - INFO - ❌ Gagal Kirim
2026-06-08 14:32:12,057 - INFO - ✅ Input: Kesehatan Jiwa
2026-06-08 14:32:15,852 - INFO - ✅ Kirim
2026-06-08 14:32:19,273 - INFO - ⚠️ Skip: Input: Penapisan Risiko Kanker Paru
2026-06-08 14:32:41,778 - INFO - ❌ Gagal Kirim
2026-06-08 14:32:42,695 - INFO - ✅ Input: Perilaku Merokok
2026-06-08 14:32:46,001 - INFO - ⚠️ Skip: Input: Perilaku Merokok - Anak Sekolah
2026-06-08 14:32:50,051 - INFO - ✅ Kirim
2026-06-08 14:32:51,806 - INFO - ✅ Input: Riwayat Imunisasi Tetanus(Status T) - Hanya untuk Catin
2026-06-08 14:32:55,581 - INFO - ✅ Kirim
2026-06-08 14:32:57,322 - INFO - ✅ Input: Tingkat Aktivitas Fisik (sedang dan berat)
2026-06-08 14:33:02,696 - INFO - ✅ Kirim
2026-06-08 14:33:04,203 - INFO - ✅ Input row: rowfrm000051
2026-06-08 14:33:07,364 - INFO - ⚠️ Skip: Input row: rowfrm000093
2026-06-08 14:33:10,523 - INFO - ⚠️ Skip: Input row: rowfrm000119
2026-06-08 14:33:15,349 - INFO - ⚠️ Dropdown gagal: sq_102i -> Gizi Baik
2026-06-08 14:33:17,962 - INFO - ✅ Kirim
2026-06-08 14:33:19,501 - INFO - ✅ Input row: rowfrm000256
2026-06-08 14:33:22,674 - INFO - ⚠️ Skip: Input row: rowfrm000197
2026-06-08 14:33:29,951 - INFO - ✅ Kirim
2026-06-08 14:33:31,602 - INFO - ✅ Input row: rowfrm000265
2026-06-08 14:33:34,745 - INFO - ⚠️ Skip: Input row: rowfrm000266
2026-06-08 14:33:44,676 - INFO - ✅ Kirim
2026-06-08 14:33:46,753 - INFO - ✅ Selesaikan Layanan
2026-06-08 14:33:48,831 - INFO - ✅ Konfirmasi
2026-06-08 14:33:51,878 - INFO - ✅ Selesai: BUNGA ACIPTA RIZKY
2026-06-08 14:33:51,879 - INFO - 
===== PASIEN 12/14 =====
2026-06-08 14:33:51,880 - INFO - 👤 MUHAMAD JUL ANGGARA
2026-06-08 14:33:52,475 - INFO - ✅ Tab Belum Pemeriksaan
2026-06-08 14:33:53,346 - INFO - ✅ Mulai: MUHAMAD JUL ANGGARA
2026-06-08 14:33:55,469 - INFO - ✅ Tombol: Mulai Pemeriksaan
2026-06-08 14:33:55,718 - INFO - ✅ Simpan
2026-06-08 14:34:00,967 - INFO - ⚠️ Skip: Input: Demografi Dewasa Perempuan
2026-06-08 14:34:04,097 - INFO - ⚠️ Skip: Input: Demografi Lansia
2026-06-08 14:34:04,473 - INFO - ✅ Input: Demografi Dewasa Laki-Laki
2026-06-08 14:34:05,091 - INFO - ✅ Radio: Status Perkawinan → Menikah
2026-06-08 14:34:08,221 - INFO - ⚠️ Skip radio: Apakah Anda sedang hamil
2026-06-08 14:34:08,281 - INFO - ✅ Radio: Apakah Anda penyandang disabilitas? → Non disabilitas
2026-06-08 14:34:10,852 - INFO - ✅ Kirim
2026-06-08 14:34:13,983 - INFO - ⚠️ Skip: Input: Faktor Risiko Kanker Usus
2026-06-08 14:34:17,127 - INFO - ⚠️ Skip radio: kanker kolorektal
2026-06-08 14:34:23,400 - INFO - ❌ Gagal Kirim
2026-06-08 14:34:26,567 - INFO - ⚠️ Skip: Input: Faktor Risiko Malaria
2026-06-08 14:34:42,169 - INFO - ❌ Gagal Kirim
2026-06-08 14:34:42,566 - INFO - ✅ Input: Faktor Risiko TB - Dewasa & Lansia
2026-06-08 14:34:45,727 - INFO - ✅ Kirim
2026-06-08 14:34:48,838 - INFO - ⚠️ Skip: Input: Gejala Cemas Remaja
2026-06-08 14:35:01,465 - INFO - ❌ Gagal Kirim
2026-06-08 14:35:04,589 - INFO - ⚠️ Skip: Input: Gejala Depresi Remaja
2026-06-08 14:35:17,089 - INFO - ❌ Gagal Kirim
2026-06-08 14:35:20,320 - INFO - ⚠️ Skip: Input: Kesehatan Reproduksi Putra - Anak Sekolah
2026-06-08 14:35:32,860 - INFO - ❌ Gagal Kirim
2026-06-08 14:35:35,990 - INFO - ⚠️ Skip: Input: Kesehatan Reproduksi Putri - Anak Sekolah
2026-06-08 14:35:48,463 - INFO - ❌ Gagal Kirim
2026-06-08 14:35:51,591 - INFO - ⚠️ Skip: Input: Kuesioner Tingkat Aktivitas Fisik - Tingkat Aktivitas Fisik
2026-06-08 14:36:01,133 - INFO - ❌ Gagal Kirim
2026-06-08 14:36:04,256 - INFO - ⚠️ Skip: Input: Kelayakan Tes Kebugaran
2026-06-08 14:36:19,909 - INFO - ❌ Gagal Kirim
2026-06-08 14:36:20,525 - INFO - ✅ Input: Hati
2026-06-08 14:36:23,802 - INFO - ⚠️ Skip: Input: Faktor Risiko Hepatitis SMP dan SMA
2026-06-08 14:36:27,278 - INFO - ✅ Kirim
2026-06-08 14:36:30,399 - INFO - ⚠️ Skip: Input: Kanker Leher Rahim
2026-06-08 14:36:36,641 - INFO - ❌ Gagal Kirim
2026-06-08 14:36:37,368 - INFO - ✅ Input: Kesehatan Jiwa
2026-06-08 14:36:40,780 - INFO - ✅ Kirim
2026-06-08 14:36:43,916 - INFO - ⚠️ Skip: Input: Penapisan Risiko Kanker Paru
2026-06-08 14:37:05,829 - INFO - ❌ Gagal Kirim
2026-06-08 14:37:06,279 - INFO - ✅ Input: Perilaku Merokok
2026-06-08 14:37:09,415 - INFO - ⚠️ Skip: Input: Perilaku Merokok - Anak Sekolah
2026-06-08 14:37:13,196 - INFO - ✅ Kirim
2026-06-08 14:37:16,393 - INFO - ⚠️ Skip: Input: Riwayat Imunisasi Tetanus(Status T) - Hanya untuk Catin
2026-06-08 14:37:19,561 - INFO - ⚠️ Dropdown gagal: sq_100i -> Tidak tahu atau tidak ingat
2026-06-08 14:37:22,686 - INFO - ❌ Gagal Kirim
2026-06-08 14:37:23,102 - INFO - ✅ Input: Tingkat Aktivitas Fisik (sedang dan berat)
2026-06-08 14:37:27,330 - INFO - ✅ Kirim
2026-06-08 14:37:30,453 - INFO - ⚠️ Skip: Input row: rowfrm000051
2026-06-08 14:37:30,869 - INFO - ✅ Input row: rowfrm000093
2026-06-08 14:37:34,029 - INFO - ⚠️ Skip: Input row: rowfrm000119
2026-06-08 14:37:38,258 - INFO - ⚠️ Dropdown gagal: sq_102i -> Gizi Baik
2026-06-08 14:37:40,834 - INFO - ✅ Kirim
2026-06-08 14:37:41,481 - INFO - ✅ Input row: rowfrm000256
2026-06-08 14:37:44,704 - INFO - ⚠️ Skip: Input row: rowfrm000197
2026-06-08 14:37:51,432 - INFO - ✅ Kirim
2026-06-08 14:37:52,942 - INFO - ✅ Input row: rowfrm000265
2026-06-08 14:37:56,077 - INFO - ⚠️ Skip: Input row: rowfrm000266
2026-06-08 14:38:05,654 - INFO - ✅ Kirim
2026-06-08 14:38:07,738 - INFO - ✅ Selesaikan Layanan
2026-06-08 14:38:09,861 - INFO - ✅ Konfirmasi
2026-06-08 14:38:12,867 - INFO - ✅ Selesai: MUHAMAD JUL ANGGARA
2026-06-08 14:38:12,868 - INFO - 
===== PASIEN 13/14 =====
2026-06-08 14:38:12,868 - INFO - 👤 PAKIATUL PULUNG
2026-06-08 14:38:12,872 - INFO - ⚠️ Skip: Tab Belum Pemeriksaan
2026-06-08 14:38:12,876 - INFO - ⛔ Gagal cari: PAKIATUL PULUNG
2026-06-08 14:38:12,881 - INFO - 
===== PASIEN 14/14 =====
2026-06-08 14:38:12,881 - INFO - 👤 ROSIDAH
2026-06-08 14:38:12,885 - INFO - ⚠️ Skip: Tab Belum Pemeriksaan
2026-06-08 14:38:12,889 - INFO - ⛔ Gagal cari: ROSIDAH
2026-06-08 14:38:12,892 - INFO - 
===== HASIL =====
2026-06-08 14:38:12,892 - INFO - Total     : 14
2026-06-08 14:38:12,892 - INFO - Sukses    : 9
2026-06-08 14:38:12,892 - INFO - Gagal     : 2
2026-06-08 14:38:12,893 - INFO - Not found : 0
2026-06-08 14:38:12,893 - INFO - 
✅ Bot selesai!
2026-06-09 10:26:50,596 - INFO - URL: https://sehatindonesiaku.kemkes.go.id/auth/login
2026-06-09 10:27:09,906 - INFO - ✅ CKG Umum
2026-06-09 10:27:10,043 - INFO - ✅ Menu Pelayanan
2026-06-09 10:27:10,818 - INFO - ✅ Checkbox Lokasi
2026-06-09 10:27:11,473 - INFO - ✅ Tombol: Simpan
2026-06-09 10:27:11,887 - INFO - 📂 Resume dari index 12
2026-06-09 10:27:11,890 - INFO - 
===== PASIEN 13/28 =====
2026-06-09 10:27:11,890 - INFO - 👤 PAKIATUL PULUNG
2026-06-09 10:27:11,934 - INFO - ✅ Tab Belum Pemeriksaan
2026-06-09 10:27:12,827 - INFO - ✅ Mulai: PAKIATUL PULUNG
2026-06-09 10:27:14,877 - INFO - ✅ Tombol: Mulai Pemeriksaan
2026-06-09 10:27:14,950 - INFO - ✅ Simpan
2026-06-09 10:27:20,031 - INFO - ⚠️ Skip: Input: Demografi Dewasa Perempuan
2026-06-09 10:27:23,128 - INFO - ⚠️ Skip: Input: Demografi Lansia
2026-06-09 10:27:23,776 - INFO - ✅ Input: Demografi Dewasa Laki-Laki
2026-06-09 10:27:24,393 - INFO - ✅ Radio: Status Perkawinan → Menikah
2026-06-09 10:27:27,546 - INFO - ⚠️ Skip radio: Apakah Anda sedang hamil
2026-06-09 10:27:27,702 - INFO - ✅ Radio: Apakah Anda penyandang disabilitas? → Non disabilitas
2026-06-09 10:27:30,370 - INFO - ✅ Kirim
2026-06-09 10:27:33,476 - INFO - ⚠️ Skip: Input: Faktor Risiko Kanker Usus
2026-06-09 10:27:36,566 - INFO - ⚠️ Skip radio: kanker kolorektal
2026-06-09 10:27:42,805 - INFO - ❌ Gagal Kirim
2026-06-09 10:27:45,919 - INFO - ⚠️ Skip: Input: Faktor Risiko Malaria
2026-06-09 10:28:01,606 - INFO - ❌ Gagal Kirim
2026-06-09 10:28:02,191 - INFO - ✅ Input: Faktor Risiko TB - Dewasa & Lansia
2026-06-09 10:28:05,373 - INFO - ✅ Kirim
2026-06-09 10:28:08,643 - INFO - ⚠️ Skip: Input: Gejala Cemas Remaja
2026-06-09 10:28:21,121 - INFO - ❌ Gagal Kirim
2026-06-09 10:28:24,512 - INFO - ⚠️ Skip: Input: Gejala Depresi Remaja
2026-06-09 10:28:36,929 - INFO - ❌ Gagal Kirim
2026-06-09 10:28:40,043 - INFO - ⚠️ Skip: Input: Kesehatan Reproduksi Putra - Anak Sekolah
2026-06-09 10:28:52,392 - INFO - ❌ Gagal Kirim
2026-06-09 10:28:55,487 - INFO - ⚠️ Skip: Input: Kesehatan Reproduksi Putri - Anak Sekolah
2026-06-09 10:29:07,846 - INFO - ❌ Gagal Kirim
2026-06-09 10:29:10,919 - INFO - ⚠️ Skip: Input: Kuesioner Tingkat Aktivitas Fisik - Tingkat Aktivitas Fisik
2026-06-09 10:29:20,364 - INFO - ❌ Gagal Kirim
2026-06-09 10:29:23,456 - INFO - ⚠️ Skip: Input: Kelayakan Tes Kebugaran
2026-06-09 10:29:38,839 - INFO - ❌ Gagal Kirim
2026-06-09 10:29:39,290 - INFO - ✅ Input: Hati
2026-06-09 10:29:42,435 - INFO - ⚠️ Skip: Input: Faktor Risiko Hepatitis SMP dan SMA
2026-06-09 10:29:46,304 - INFO - ✅ Kirim
2026-06-09 10:29:49,396 - INFO - ⚠️ Skip: Input: Kanker Leher Rahim
2026-06-09 10:29:55,558 - INFO - ❌ Gagal Kirim
2026-06-09 10:29:56,076 - INFO - ✅ Input: Kesehatan Jiwa
2026-06-09 10:30:00,441 - INFO - ✅ Kirim
2026-06-09 10:30:03,678 - INFO - ⚠️ Skip: Input: Penapisan Risiko Kanker Paru
2026-06-09 10:30:25,247 - INFO - ❌ Gagal Kirim
2026-06-09 10:30:26,124 - INFO - ✅ Input: Perilaku Merokok
2026-06-09 10:30:29,257 - INFO - ⚠️ Skip: Input: Perilaku Merokok - Anak Sekolah
2026-06-09 10:30:32,965 - INFO - ✅ Kirim
2026-06-09 10:30:36,063 - INFO - ⚠️ Skip: Input: Riwayat Imunisasi Tetanus(Status T) - Hanya untuk Catin
2026-06-09 10:30:39,139 - INFO - ⚠️ Dropdown gagal: sq_100i -> Tidak tahu atau tidak ingat
2026-06-09 10:30:42,258 - INFO - ❌ Gagal Kirim
2026-06-09 10:30:43,227 - INFO - ✅ Input: Tingkat Aktivitas Fisik (sedang dan berat)
2026-06-09 10:30:47,774 - INFO - ✅ Kirim
2026-06-09 10:30:51,077 - INFO - ⚠️ Skip: Input row: rowfrm000051
2026-06-09 10:30:52,130 - INFO - ✅ Input row: rowfrm000093
2026-06-09 10:30:55,293 - INFO - ⚠️ Skip: Input row: rowfrm000119
2026-06-09 10:30:59,288 - INFO - ⚠️ Dropdown gagal: sq_102i -> Gizi Baik
2026-06-09 10:31:01,845 - INFO - ✅ Kirim
2026-06-09 10:31:02,462 - INFO - ✅ Input row: rowfrm000256
2026-06-09 10:31:05,720 - INFO - ⚠️ Skip: Input row: rowfrm000197
2026-06-09 10:31:12,118 - INFO - ✅ Kirim
2026-06-09 10:31:12,804 - INFO - ✅ Input row: rowfrm000265
2026-06-09 10:31:15,933 - INFO - ⚠️ Skip: Input row: rowfrm000266
2026-06-09 10:31:25,581 - INFO - ✅ Kirim
2026-06-09 10:31:27,656 - INFO - ✅ Selesaikan Layanan
2026-06-09 10:31:29,715 - INFO - ✅ Konfirmasi
2026-06-09 10:31:32,752 - INFO - ✅ Selesai: PAKIATUL PULUNG
2026-06-09 10:31:32,753 - INFO - 
===== PASIEN 14/28 =====
2026-06-09 10:31:32,753 - INFO - 👤 ROSIDAH
2026-06-09 10:31:33,327 - INFO - ✅ Tab Belum Pemeriksaan
2026-06-09 10:31:34,167 - INFO - ✅ Mulai: ROSIDAH
2026-06-09 10:31:36,229 - INFO - ✅ Tombol: Mulai Pemeriksaan
2026-06-09 10:31:36,295 - INFO - ✅ Simpan
2026-06-09 10:31:40,066 - INFO - ✅ Input: Demografi Dewasa Perempuan
2026-06-09 10:31:43,353 - INFO - ⚠️ Skip: Input: Demografi Lansia
2026-06-09 10:31:46,472 - INFO - ⚠️ Skip: Input: Demografi Dewasa Laki-Laki
2026-06-09 10:31:46,556 - INFO - ✅ Radio: Status Perkawinan → Menikah
2026-06-09 10:31:46,617 - INFO - ✅ Radio: Apakah Anda sedang hamil → Tidak
2026-06-09 10:31:46,681 - INFO - ✅ Radio: Apakah Anda penyandang disabilitas? → Non disabilitas
2026-06-09 10:31:49,254 - INFO - ✅ Kirim
2026-06-09 10:31:50,580 - INFO - ✅ Input: Faktor Risiko Kanker Usus
2026-06-09 10:31:51,205 - INFO - ✅ Radio: kanker kolorektal → Tidak
2026-06-09 10:31:53,879 - INFO - ✅ Kirim
2026-06-09 10:31:57,031 - INFO - ⚠️ Skip: Input: Faktor Risiko Malaria
2026-06-09 10:32:12,984 - INFO - ❌ Gagal Kirim
2026-06-09 10:32:14,297 - INFO - ✅ Input: Faktor Risiko TB - Dewasa & Lansia
2026-06-09 10:32:17,247 - INFO - ✅ Kirim
2026-06-09 10:32:20,645 - INFO - ⚠️ Skip: Input: Gejala Cemas Remaja
2026-06-09 10:32:33,105 - INFO - ❌ Gagal Kirim
2026-06-09 10:32:36,582 - INFO - ⚠️ Skip: Input: Gejala Depresi Remaja
2026-06-09 10:32:49,030 - INFO - ❌ Gagal Kirim
2026-06-09 10:32:52,139 - INFO - ⚠️ Skip: Input: Kesehatan Reproduksi Putra - Anak Sekolah
2026-06-09 10:33:04,940 - INFO - ❌ Gagal Kirim
2026-06-09 10:33:08,033 - INFO - ⚠️ Skip: Input: Kesehatan Reproduksi Putri - Anak Sekolah
2026-06-09 10:33:20,549 - INFO - ❌ Gagal Kirim
2026-06-09 10:33:23,892 - INFO - ⚠️ Skip: Input: Kuesioner Tingkat Aktivitas Fisik - Tingkat Aktivitas Fisik
2026-06-09 10:33:33,206 - INFO - ❌ Gagal Kirim
2026-06-09 10:33:36,354 - INFO - ⚠️ Skip: Input: Kelayakan Tes Kebugaran
2026-06-09 10:33:52,304 - INFO - ❌ Gagal Kirim
2026-06-09 10:33:53,715 - INFO - ✅ Input: Hati
2026-06-09 10:33:56,967 - INFO - ⚠️ Skip: Input: Faktor Risiko Hepatitis SMP dan SMA
2026-06-09 10:34:00,323 - INFO - ✅ Kirim
2026-06-09 10:34:02,141 - INFO - ✅ Input: Kanker Leher Rahim
2026-06-09 10:34:05,367 - INFO - ✅ Kirim
2026-06-09 10:34:07,247 - INFO - ✅ Input: Kesehatan Jiwa
2026-06-09 10:34:10,284 - INFO - ✅ Kirim
2026-06-09 10:34:11,228 - INFO - ✅ Input: Penapisan Risiko Kanker Paru
2026-06-09 10:34:15,461 - INFO - ✅ Kirim
2026-06-09 10:34:16,578 - INFO - ✅ Input: Perilaku Merokok
2026-06-09 10:34:20,021 - INFO - ⚠️ Skip: Input: Perilaku Merokok - Anak Sekolah
2026-06-09 10:34:24,187 - INFO - ✅ Kirim
2026-06-09 10:34:27,365 - INFO - ⚠️ Skip: Input: Riwayat Imunisasi Tetanus(Status T) - Hanya untuk Catin
2026-06-09 10:34:30,469 - INFO - ⚠️ Dropdown gagal: sq_100i -> Tidak tahu atau tidak ingat
2026-06-09 10:34:33,561 - INFO - ❌ Gagal Kirim
2026-06-09 10:34:34,079 - INFO - ✅ Input: Tingkat Aktivitas Fisik (sedang dan berat)
2026-06-09 10:34:38,686 - INFO - ✅ Kirim
2026-06-09 10:34:40,375 - INFO - ✅ Input row: rowfrm000051
2026-06-09 10:34:43,547 - INFO - ⚠️ Skip: Input row: rowfrm000093
2026-06-09 10:34:46,632 - INFO - ⚠️ Skip: Input row: rowfrm000119
2026-06-09 10:34:50,604 - INFO - ⚠️ Dropdown gagal: sq_102i -> Gizi Baik
2026-06-09 10:34:53,169 - INFO - ✅ Kirim
2026-06-09 10:34:54,138 - INFO - ✅ Input row: rowfrm000256
2026-06-09 10:34:57,311 - INFO - ⚠️ Skip: Input row: rowfrm000197
2026-06-09 10:35:03,570 - INFO - ✅ Kirim
2026-06-09 10:35:04,277 - INFO - ✅ Input row: rowfrm000265
2026-06-09 10:35:07,402 - INFO - ⚠️ Skip: Input row: rowfrm000266
2026-06-09 10:35:17,397 - INFO - ✅ Kirim
2026-06-09 10:35:19,482 - INFO - ✅ Selesaikan Layanan
2026-06-09 10:35:21,571 - INFO - ✅ Konfirmasi
2026-06-09 10:35:24,607 - INFO - ✅ Selesai: ROSIDAH
2026-06-09 10:35:24,608 - INFO - 
===== PASIEN 15/28 =====
2026-06-09 10:35:24,609 - INFO - 👤 ARFAN SYAHPUTRA
2026-06-09 10:35:25,184 - INFO - ✅ Tab Belum Pemeriksaan
2026-06-09 10:35:26,034 - INFO - ✅ Mulai: ARFAN SYAHPUTRA
2026-06-09 10:35:28,105 - INFO - ✅ Tombol: Mulai Pemeriksaan
2026-06-09 10:35:28,170 - INFO - ✅ Simpan
2026-06-09 10:35:33,388 - INFO - ⚠️ Skip: Input: Demografi Dewasa Perempuan
2026-06-09 10:35:36,521 - INFO - ⚠️ Skip: Input: Demografi Lansia
2026-06-09 10:35:36,963 - INFO - ✅ Input: Demografi Dewasa Laki-Laki
2026-06-09 10:35:37,571 - INFO - ✅ Radio: Status Perkawinan → Menikah
2026-06-09 10:35:40,667 - INFO - ⚠️ Skip radio: Apakah Anda sedang hamil
2026-06-09 10:35:40,709 - INFO - ✅ Radio: Apakah Anda penyandang disabilitas? → Non disabilitas
2026-06-09 10:35:43,267 - INFO - ✅ Kirim
2026-06-09 10:35:46,356 - INFO - ⚠️ Skip: Input: Faktor Risiko Kanker Usus
2026-06-09 10:35:49,473 - INFO - ⚠️ Skip radio: kanker kolorektal
2026-06-09 10:35:55,644 - INFO - ❌ Gagal Kirim
2026-06-09 10:35:58,731 - INFO - ⚠️ Skip: Input: Faktor Risiko Malaria
2026-06-09 10:36:14,349 - INFO - ❌ Gagal Kirim
2026-06-09 10:36:14,903 - INFO - ✅ Input: Faktor Risiko TB - Dewasa & Lansia
2026-06-09 10:36:18,069 - INFO - ✅ Kirim
2026-06-09 10:36:21,521 - INFO - ⚠️ Skip: Input: Gejala Cemas Remaja
2026-06-09 10:36:34,069 - INFO - ❌ Gagal Kirim
2026-06-09 10:36:37,198 - INFO - ⚠️ Skip: Input: Gejala Depresi Remaja
2026-06-09 10:36:49,772 - INFO - ❌ Gagal Kirim
2026-06-09 10:36:52,876 - INFO - ⚠️ Skip: Input: Kesehatan Reproduksi Putra - Anak Sekolah
2026-06-09 10:37:05,451 - INFO - ❌ Gagal Kirim
2026-06-09 10:37:08,550 - INFO - ⚠️ Skip: Input: Kesehatan Reproduksi Putri - Anak Sekolah
2026-06-09 10:37:20,954 - INFO - ❌ Gagal Kirim
2026-06-09 10:37:24,046 - INFO - ⚠️ Skip: Input: Kuesioner Tingkat Aktivitas Fisik - Tingkat Aktivitas Fisik
2026-06-09 10:37:33,395 - INFO - ❌ Gagal Kirim
2026-06-09 10:37:36,508 - INFO - ⚠️ Skip: Input: Kelayakan Tes Kebugaran
2026-06-09 10:37:52,042 - INFO - ❌ Gagal Kirim
2026-06-09 10:37:52,590 - INFO - ✅ Input: Hati
2026-06-09 10:37:55,699 - INFO - ⚠️ Skip: Input: Faktor Risiko Hepatitis SMP dan SMA
2026-06-09 10:37:58,808 - INFO - ✅ Kirim
2026-06-09 10:38:01,990 - INFO - ⚠️ Skip: Input: Kanker Leher Rahim
2026-06-09 10:38:08,233 - INFO - ❌ Gagal Kirim
2026-06-09 10:38:08,784 - INFO - ✅ Input: Kesehatan Jiwa
2026-06-09 10:38:12,169 - INFO - ✅ Kirim
2026-06-09 10:38:15,286 - INFO - ⚠️ Skip: Input: Penapisan Risiko Kanker Paru
2026-06-09 10:38:37,105 - INFO - ❌ Gagal Kirim
2026-06-09 10:38:37,712 - INFO - ✅ Input: Perilaku Merokok
2026-06-09 10:38:40,828 - INFO - ⚠️ Skip: Input: Perilaku Merokok - Anak Sekolah
2026-06-09 10:38:44,729 - INFO - ✅ Kirim
2026-06-09 10:38:47,961 - INFO - ⚠️ Skip: Input: Riwayat Imunisasi Tetanus(Status T) - Hanya untuk Catin
2026-06-09 10:38:51,159 - INFO - ⚠️ Dropdown gagal: sq_100i -> Tidak tahu atau tidak ingat
2026-06-09 10:38:54,279 - INFO - ❌ Gagal Kirim
2026-06-09 10:38:55,053 - INFO - ✅ Input: Tingkat Aktivitas Fisik (sedang dan berat)
2026-06-09 10:38:59,662 - INFO - ✅ Kirim
2026-06-09 10:39:02,778 - INFO - ⚠️ Skip: Input row: rowfrm000051
2026-06-09 10:39:03,426 - INFO - ✅ Input row: rowfrm000093
2026-06-09 10:39:06,528 - INFO - ⚠️ Skip: Input row: rowfrm000119
2026-06-09 10:39:11,168 - INFO - ⚠️ Dropdown gagal: sq_102i -> Gizi Baik
2026-06-09 10:39:13,723 - INFO - ✅ Kirim
2026-06-09 10:39:16,822 - INFO - ⚠️ Skip: Input row: rowfrm000256
2026-06-09 10:39:19,905 - INFO - ⚠️ Skip: Input row: rowfrm000197
2026-06-09 10:39:28,996 - INFO - ✅ Kirim
2026-06-09 10:39:32,088 - INFO - ⚠️ Skip: Input row: rowfrm000265
2026-06-09 10:39:35,206 - INFO - ⚠️ Skip: Input row: rowfrm000266
2026-06-09 10:39:44,904 - INFO - ✅ Kirim
2026-06-09 10:39:46,990 - INFO - ✅ Selesaikan Layanan
2026-06-09 10:39:49,050 - INFO - ✅ Konfirmasi
2026-06-09 10:39:52,112 - INFO - ✅ Selesai: ARFAN SYAHPUTRA
2026-06-09 10:39:52,114 - INFO - 
===== PASIEN 16/28 =====
2026-06-09 10:39:52,114 - INFO - 👤 BINUR PAKPAHAN
2026-06-09 10:39:52,717 - INFO - ✅ Tab Belum Pemeriksaan
2026-06-09 10:39:53,703 - INFO - ✅ Mulai: BINUR PAKPAHAN
2026-06-09 10:39:55,899 - INFO - ✅ Tombol: Mulai Pemeriksaan
2026-06-09 10:39:56,109 - INFO - ✅ Simpan
2026-06-09 10:40:01,437 - INFO - ⚠️ Skip: Input: Demografi Dewasa Perempuan
2026-06-09 10:40:02,317 - INFO - ✅ Input: Demografi Lansia
2026-06-09 10:40:05,449 - INFO - ⚠️ Skip: Input: Demografi Dewasa Laki-Laki
2026-06-09 10:40:05,520 - INFO - ✅ Radio: Status Perkawinan → Menikah
2026-06-09 10:40:08,626 - INFO - ⚠️ Skip radio: Apakah Anda sedang hamil
2026-06-09 10:40:08,713 - INFO - ✅ Radio: Apakah Anda penyandang disabilitas? → Non disabilitas
2026-06-09 10:40:11,294 - INFO - ✅ Kirim
2026-06-09 10:40:12,818 - INFO - ✅ Input: Faktor Risiko Kanker Usus
2026-06-09 10:40:13,470 - INFO - ✅ Radio: kanker kolorektal → Tidak
2026-06-09 10:40:16,132 - INFO - ✅ Kirim
2026-06-09 10:40:19,383 - INFO - ⚠️ Skip: Input: Faktor Risiko Malaria
2026-06-09 10:40:35,041 - INFO - ❌ Gagal Kirim
2026-06-09 10:40:35,628 - INFO - ✅ Input: Faktor Risiko TB - Dewasa & Lansia
2026-06-09 10:40:38,793 - INFO - ✅ Kirim
2026-06-09 10:40:42,067 - INFO - ⚠️ Skip: Input: Gejala Cemas Remaja
2026-06-09 10:40:54,536 - INFO - ❌ Gagal Kirim
2026-06-09 10:40:57,635 - INFO - ⚠️ Skip: Input: Gejala Depresi Remaja
2026-06-09 10:41:10,033 - INFO - ❌ Gagal Kirim
2026-06-09 10:41:13,134 - INFO - ⚠️ Skip: Input: Kesehatan Reproduksi Putra - Anak Sekolah
2026-06-09 10:41:25,778 - INFO - ❌ Gagal Kirim
2026-06-09 10:41:28,862 - INFO - ⚠️ Skip: Input: Kesehatan Reproduksi Putri - Anak Sekolah
2026-06-09 10:41:41,309 - INFO - ❌ Gagal Kirim
2026-06-09 10:41:44,409 - INFO - ⚠️ Skip: Input: Kuesioner Tingkat Aktivitas Fisik - Tingkat Aktivitas Fisik
2026-06-09 10:41:53,769 - INFO - ❌ Gagal Kirim
2026-06-09 10:41:56,877 - INFO - ⚠️ Skip: Input: Kelayakan Tes Kebugaran
2026-06-09 10:42:12,499 - INFO - ❌ Gagal Kirim
2026-06-09 10:42:12,984 - INFO - ✅ Input: Hati
2026-06-09 10:42:16,103 - INFO - ⚠️ Skip: Input: Faktor Risiko Hepatitis SMP dan SMA
2026-06-09 10:42:19,826 - INFO - ✅ Kirim
2026-06-09 10:42:20,998 - INFO - ✅ Input: Kanker Leher Rahim
2026-06-09 10:42:24,172 - INFO - ✅ Kirim
2026-06-09 10:42:25,309 - INFO - ✅ Input: Kesehatan Jiwa
2026-06-09 10:42:28,865 - INFO - ✅ Kirim
2026-06-09 10:42:29,716 - INFO - ✅ Input: Penapisan Risiko Kanker Paru
2026-06-09 10:42:33,813 - INFO - ✅ Kirim
2026-06-09 10:42:34,532 - INFO - ✅ Input: Perilaku Merokok
2026-06-09 10:42:37,659 - INFO - ⚠️ Skip: Input: Perilaku Merokok - Anak Sekolah
2026-06-09 10:42:42,005 - INFO - ✅ Kirim
2026-06-09 10:42:45,253 - INFO - ⚠️ Skip: Input: Riwayat Imunisasi Tetanus(Status T) - Hanya untuk Catin
2026-06-09 10:42:48,327 - INFO - ⚠️ Dropdown gagal: sq_100i -> Tidak tahu atau tidak ingat
2026-06-09 10:42:51,454 - INFO - ❌ Gagal Kirim
2026-06-09 10:42:52,101 - INFO - ✅ Input: Tingkat Aktivitas Fisik (sedang dan berat)
2026-06-09 10:42:57,661 - INFO - ✅ Kirim
2026-06-09 10:42:58,901 - INFO - ✅ Input row: rowfrm000051
2026-06-09 10:43:02,027 - INFO - ⚠️ Skip: Input row: rowfrm000093
2026-06-09 10:43:05,106 - INFO - ⚠️ Skip: Input row: rowfrm000119
2026-06-09 10:43:09,149 - INFO - ⚠️ Dropdown gagal: sq_102i -> Gizi Baik
2026-06-09 10:43:11,722 - INFO - ✅ Kirim
2026-06-09 10:43:12,884 - INFO - ✅ Input row: rowfrm000256
2026-06-09 10:43:16,259 - INFO - ⚠️ Skip: Input row: rowfrm000197
2026-06-09 10:43:22,426 - INFO - ✅ Kirim
2026-06-09 10:43:22,852 - INFO - ✅ Input row: rowfrm000265
2026-06-09 10:43:25,950 - INFO - ⚠️ Skip: Input row: rowfrm000266
2026-06-09 10:43:35,534 - INFO - ✅ Kirim
2026-06-09 10:43:37,617 - INFO - ✅ Selesaikan Layanan
2026-06-09 10:43:39,701 - INFO - ✅ Konfirmasi
2026-06-09 10:43:42,761 - INFO - ✅ Selesai: BINUR PAKPAHAN
2026-06-09 10:43:42,763 - INFO - 
===== PASIEN 17/28 =====
2026-06-09 10:43:42,763 - INFO - 👤 KHOPIPAH PAULA NISA
2026-06-09 10:43:43,389 - INFO - ✅ Tab Belum Pemeriksaan
2026-06-09 10:43:44,508 - INFO - ✅ Mulai: KHOPIPAH PAULA NISA
2026-06-09 10:43:46,598 - INFO - ✅ Tombol: Mulai Pemeriksaan
2026-06-09 10:43:46,662 - INFO - ✅ Simpan
2026-06-09 10:43:49,196 - INFO - ✅ Input: Demografi Dewasa Perempuan
2026-06-09 10:43:52,567 - INFO - ⚠️ Skip: Input: Demografi Lansia
2026-06-09 10:43:55,697 - INFO - ⚠️ Skip: Input: Demografi Dewasa Laki-Laki
2026-06-09 10:43:55,841 - INFO - ✅ Radio: Status Perkawinan → Menikah
2026-06-09 10:43:56,033 - INFO - ✅ Radio: Apakah Anda sedang hamil → Tidak
2026-06-09 10:43:56,182 - INFO - ✅ Radio: Apakah Anda penyandang disabilitas? → Non disabilitas
2026-06-09 10:43:58,827 - INFO - ✅ Kirim
2026-06-09 10:44:01,983 - INFO - ⚠️ Skip: Input: Faktor Risiko Kanker Usus
2026-06-09 10:44:05,072 - INFO - ⚠️ Skip radio: kanker kolorektal
2026-06-09 10:44:11,270 - INFO - ❌ Gagal Kirim
2026-06-09 10:44:14,417 - INFO - ⚠️ Skip: Input: Faktor Risiko Malaria
2026-06-09 10:44:29,918 - INFO - ❌ Gagal Kirim
2026-06-09 10:44:30,462 - INFO - ✅ Input: Faktor Risiko TB - Dewasa & Lansia
2026-06-09 10:44:33,649 - INFO - ✅ Kirim
2026-06-09 10:44:36,968 - INFO - ⚠️ Skip: Input: Gejala Cemas Remaja
2026-06-09 10:44:49,805 - INFO - ❌ Gagal Kirim
2026-06-09 10:44:52,841 - INFO - ⚠️ Skip: Input: Gejala Depresi Remaja
2026-06-09 10:45:05,699 - INFO - ❌ Gagal Kirim
2026-06-09 10:45:08,871 - INFO - ⚠️ Skip: Input: Kesehatan Reproduksi Putra - Anak Sekolah
2026-06-09 10:45:21,362 - INFO - ❌ Gagal Kirim
2026-06-09 10:45:24,485 - INFO - ⚠️ Skip: Input: Kesehatan Reproduksi Putri - Anak Sekolah
2026-06-09 10:45:36,929 - INFO - ❌ Gagal Kirim
2026-06-09 10:45:40,035 - INFO - ⚠️ Skip: Input: Kuesioner Tingkat Aktivitas Fisik - Tingkat Aktivitas Fisik
2026-06-09 10:45:49,347 - INFO - ❌ Gagal Kirim
2026-06-09 10:45:52,441 - INFO - ⚠️ Skip: Input: Kelayakan Tes Kebugaran
2026-06-09 10:46:08,014 - INFO - ❌ Gagal Kirim
2026-06-09 10:46:08,913 - INFO - ✅ Input: Hati
2026-06-09 10:46:12,236 - INFO - ⚠️ Skip: Input: Faktor Risiko Hepatitis SMP dan SMA
2026-06-09 10:46:15,861 - INFO - ✅ Kirim
2026-06-09 10:46:18,959 - INFO - ⚠️ Skip: Input: Kanker Leher Rahim
2026-06-09 10:46:25,198 - INFO - ❌ Gagal Kirim
2026-06-09 10:46:26,524 - INFO - ✅ Input: Kesehatan Jiwa
2026-06-09 10:46:30,712 - INFO - ✅ Kirim
2026-06-09 10:46:34,104 - INFO - ⚠️ Skip: Input: Penapisan Risiko Kanker Paru
2026-06-09 10:46:55,866 - INFO - ❌ Gagal Kirim
2026-06-09 10:46:56,520 - INFO - ✅ Input: Perilaku Merokok
2026-06-09 10:46:59,750 - INFO - ⚠️ Skip: Input: Perilaku Merokok - Anak Sekolah
2026-06-09 10:47:03,547 - INFO - ✅ Kirim
2026-06-09 10:47:04,358 - INFO - ✅ Input: Riwayat Imunisasi Tetanus(Status T) - Hanya untuk Catin
2026-06-09 10:47:07,584 - INFO - ✅ Kirim
2026-06-09 10:47:08,201 - INFO - ✅ Input: Tingkat Aktivitas Fisik (sedang dan berat)
2026-06-09 10:47:12,287 - INFO - ✅ Kirim
2026-06-09 10:47:12,763 - INFO - ✅ Input row: rowfrm000051
2026-06-09 10:47:15,919 - INFO - ⚠️ Skip: Input row: rowfrm000093
2026-06-09 10:47:19,113 - INFO - ⚠️ Skip: Input row: rowfrm000119
2026-06-09 10:47:23,360 - INFO - ⚠️ Dropdown gagal: sq_102i -> Gizi Baik
2026-06-09 10:47:25,924 - INFO - ✅ Kirim
2026-06-09 10:47:26,416 - INFO - ✅ Input row: rowfrm000256
2026-06-09 10:47:29,531 - INFO - ⚠️ Skip: Input row: rowfrm000197
2026-06-09 10:47:36,025 - INFO - ✅ Kirim
2026-06-09 10:47:37,193 - INFO - ✅ Input row: rowfrm000265
2026-06-09 10:47:40,442 - INFO - ⚠️ Skip: Input row: rowfrm000266
2026-06-09 10:47:50,013 - INFO - ✅ Kirim
2026-06-09 10:47:52,311 - INFO - ✅ Selesaikan Layanan
2026-06-09 10:47:54,368 - INFO - ✅ Konfirmasi
2026-06-09 10:47:57,401 - INFO - ✅ Selesai: KHOPIPAH PAULA NISA
2026-06-09 10:47:57,403 - INFO - 
===== PASIEN 18/28 =====
2026-06-09 10:47:57,403 - INFO - 👤 WARSENO
2026-06-09 10:47:57,978 - INFO - ✅ Tab Belum Pemeriksaan
2026-06-09 10:47:58,807 - INFO - ✅ Mulai: WARSENO
2026-06-09 10:48:00,878 - INFO - ✅ Tombol: Mulai Pemeriksaan
2026-06-09 10:48:00,942 - INFO - ✅ Simpan
2026-06-09 10:48:06,225 - INFO - ⚠️ Skip: Input: Demografi Dewasa Perempuan
2026-06-09 10:48:09,433 - INFO - ⚠️ Skip: Input: Demografi Lansia
2026-06-09 10:48:10,083 - INFO - ✅ Input: Demografi Dewasa Laki-Laki
2026-06-09 10:48:10,697 - INFO - ✅ Radio: Status Perkawinan → Menikah
2026-06-09 10:48:13,807 - INFO - ⚠️ Skip radio: Apakah Anda sedang hamil
2026-06-09 10:48:13,885 - INFO - ✅ Radio: Apakah Anda penyandang disabilitas? → Non disabilitas
2026-06-09 10:48:16,448 - INFO - ✅ Kirim
2026-06-09 10:48:16,947 - INFO - ✅ Input: Faktor Risiko Kanker Usus
2026-06-09 10:48:17,544 - INFO - ✅ Radio: kanker kolorektal → Tidak
2026-06-09 10:48:20,168 - INFO - ✅ Kirim
2026-06-09 10:48:23,458 - INFO - ⚠️ Skip: Input: Faktor Risiko Malaria
2026-06-09 10:48:38,990 - INFO - ❌ Gagal Kirim
2026-06-09 10:48:39,715 - INFO - ✅ Input: Faktor Risiko TB - Dewasa & Lansia
2026-06-09 10:48:43,131 - INFO - ✅ Kirim
2026-06-09 10:48:46,226 - INFO - ⚠️ Skip: Input: Gejala Cemas Remaja
2026-06-09 10:48:58,709 - INFO - ❌ Gagal Kirim
2026-06-09 10:49:01,814 - INFO - ⚠️ Skip: Input: Gejala Depresi Remaja
2026-06-09 10:49:14,296 - INFO - ❌ Gagal Kirim
2026-06-09 10:49:17,397 - INFO - ⚠️ Skip: Input: Kesehatan Reproduksi Putra - Anak Sekolah
2026-06-09 10:49:29,769 - INFO - ❌ Gagal Kirim
2026-06-09 10:49:32,915 - INFO - ⚠️ Skip: Input: Kesehatan Reproduksi Putri - Anak Sekolah
2026-06-09 10:49:45,347 - INFO - ❌ Gagal Kirim
2026-06-09 10:49:48,453 - INFO - ⚠️ Skip: Input: Kuesioner Tingkat Aktivitas Fisik - Tingkat Aktivitas Fisik
2026-06-09 10:49:57,749 - INFO - ❌ Gagal Kirim
2026-06-09 10:50:00,876 - INFO - ⚠️ Skip: Input: Kelayakan Tes Kebugaran
2026-06-09 10:50:16,361 - INFO - ❌ Gagal Kirim
2026-06-09 10:50:17,051 - INFO - ✅ Input: Hati
2026-06-09 10:50:20,163 - INFO - ⚠️ Skip: Input: Faktor Risiko Hepatitis SMP dan SMA
2026-06-09 10:50:23,267 - INFO - ✅ Kirim
2026-06-09 10:50:26,532 - INFO - ⚠️ Skip: Input: Kanker Leher Rahim
2026-06-09 10:50:32,715 - INFO - ❌ Gagal Kirim
2026-06-09 10:50:33,220 - INFO - ✅ Input: Kesehatan Jiwa
2026-06-09 10:50:36,652 - INFO - ✅ Kirim
2026-06-09 10:50:38,086 - INFO - ✅ Input: Penapisan Risiko Kanker Paru
2026-06-09 10:50:42,062 - INFO - ✅ Kirim
2026-06-09 10:50:42,586 - INFO - ✅ Input: Perilaku Merokok
2026-06-09 10:50:45,688 - INFO - ⚠️ Skip: Input: Perilaku Merokok - Anak Sekolah
2026-06-09 10:50:49,452 - INFO - ✅ Kirim
2026-06-09 10:50:52,537 - INFO - ⚠️ Skip: Input: Riwayat Imunisasi Tetanus(Status T) - Hanya untuk Catin
2026-06-09 10:50:55,654 - INFO - ⚠️ Dropdown gagal: sq_100i -> Tidak tahu atau tidak ingat
2026-06-09 10:50:58,737 - INFO - ❌ Gagal Kirim
2026-06-09 10:50:59,298 - INFO - ✅ Input: Tingkat Aktivitas Fisik (sedang dan berat)
2026-06-09 10:51:03,421 - INFO - ✅ Kirim
2026-06-09 10:51:06,529 - INFO - ⚠️ Skip: Input row: rowfrm000051
2026-06-09 10:51:07,428 - INFO - ✅ Input row: rowfrm000093
2026-06-09 10:51:10,663 - INFO - ⚠️ Skip: Input row: rowfrm000119
2026-06-09 10:51:14,648 - INFO - ⚠️ Dropdown gagal: sq_102i -> Gizi Baik
2026-06-09 10:51:17,199 - INFO - ✅ Kirim
2026-06-09 10:51:17,621 - INFO - ✅ Input row: rowfrm000256
2026-06-09 10:51:20,810 - INFO - ⚠️ Skip: Input row: rowfrm000197
2026-06-09 10:51:27,054 - INFO - ✅ Kirim
2026-06-09 10:51:27,543 - INFO - ✅ Input row: rowfrm000265
2026-06-09 10:51:30,644 - INFO - ⚠️ Skip: Input row: rowfrm000266
2026-06-09 10:51:40,115 - INFO - ✅ Kirim
2026-06-09 10:51:42,200 - INFO - ✅ Selesaikan Layanan
2026-06-09 10:51:44,260 - INFO - ✅ Konfirmasi
2026-06-09 10:51:47,314 - INFO - ✅ Selesai: WARSENO
2026-06-09 10:51:47,316 - INFO - 
===== PASIEN 19/28 =====
2026-06-09 10:51:47,316 - INFO - 👤 TINA
2026-06-09 10:51:47,903 - INFO - ✅ Tab Belum Pemeriksaan
2026-06-09 10:51:48,736 - INFO - ✅ Mulai: TINA
2026-06-09 10:51:50,822 - INFO - ✅ Tombol: Mulai Pemeriksaan
2026-06-09 10:51:50,895 - INFO - ✅ Simpan
2026-06-09 10:51:53,577 - INFO - ✅ Input: Demografi Dewasa Perempuan
2026-06-09 10:51:57,042 - INFO - ⚠️ Skip: Input: Demografi Lansia
2026-06-09 10:52:00,146 - INFO - ⚠️ Skip: Input: Demografi Dewasa Laki-Laki
2026-06-09 10:52:00,239 - INFO - ✅ Radio: Status Perkawinan → Menikah
2026-06-09 10:52:00,328 - INFO - ✅ Radio: Apakah Anda sedang hamil → Tidak
2026-06-09 10:52:00,407 - INFO - ✅ Radio: Apakah Anda penyandang disabilitas? → Non disabilitas
2026-06-09 10:52:03,009 - INFO - ✅ Kirim
2026-06-09 10:52:06,139 - INFO - ⚠️ Skip: Input: Faktor Risiko Kanker Usus
2026-06-09 10:52:09,404 - INFO - ⚠️ Skip radio: kanker kolorektal
2026-06-09 10:52:15,950 - INFO - ❌ Gagal Kirim
2026-06-09 10:52:19,102 - INFO - ⚠️ Skip: Input: Faktor Risiko Malaria
2026-06-09 10:52:34,969 - INFO - ❌ Gagal Kirim
2026-06-09 10:52:36,999 - INFO - ✅ Input: Faktor Risiko TB - Dewasa & Lansia
2026-06-09 10:52:40,950 - INFO - ✅ Kirim
2026-06-09 10:52:44,355 - INFO - ⚠️ Skip: Input: Gejala Cemas Remaja
2026-06-09 10:52:56,803 - INFO - ❌ Gagal Kirim
2026-06-09 10:53:00,096 - INFO - ⚠️ Skip: Input: Gejala Depresi Remaja
2026-06-09 10:53:12,756 - INFO - ❌ Gagal Kirim
2026-06-09 10:53:15,830 - INFO - ⚠️ Skip: Input: Kesehatan Reproduksi Putra - Anak Sekolah
2026-06-09 10:53:28,448 - INFO - ❌ Gagal Kirim
2026-06-09 10:53:31,541 - INFO - ⚠️ Skip: Input: Kesehatan Reproduksi Putri - Anak Sekolah
2026-06-09 10:53:44,316 - INFO - ❌ Gagal Kirim
2026-06-09 10:53:47,425 - INFO - ⚠️ Skip: Input: Kuesioner Tingkat Aktivitas Fisik - Tingkat Aktivitas Fisik
2026-06-09 10:53:56,811 - INFO - ❌ Gagal Kirim
2026-06-09 10:54:00,253 - INFO - ⚠️ Skip: Input: Kelayakan Tes Kebugaran
2026-06-09 10:54:15,888 - INFO - ❌ Gagal Kirim
2026-06-09 10:54:16,834 - INFO - ✅ Input: Hati
2026-06-09 10:54:20,227 - INFO - ⚠️ Skip: Input: Faktor Risiko Hepatitis SMP dan SMA
2026-06-09 10:54:23,649 - INFO - ✅ Kirim
2026-06-09 10:54:24,942 - INFO - ✅ Input: Kanker Leher Rahim
2026-06-09 10:54:28,203 - INFO - ✅ Kirim
2026-06-09 10:54:29,432 - INFO - ✅ Input: Kesehatan Jiwa
2026-06-09 10:54:32,918 - INFO - ✅ Kirim
2026-06-09 10:54:36,049 - INFO - ⚠️ Skip: Input: Penapisan Risiko Kanker Paru
2026-06-09 10:54:58,119 - INFO - ❌ Gagal Kirim
2026-06-09 10:54:59,804 - INFO - ✅ Input: Perilaku Merokok
2026-06-09 10:55:02,843 - INFO - ⚠️ Skip: Input: Perilaku Merokok - Anak Sekolah
2026-06-09 10:55:06,803 - INFO - ✅ Kirim
2026-06-09 10:55:10,021 - INFO - ⚠️ Skip: Input: Riwayat Imunisasi Tetanus(Status T) - Hanya untuk Catin
2026-06-09 10:55:13,134 - INFO - ⚠️ Dropdown gagal: sq_100i -> Tidak tahu atau tidak ingat
2026-06-09 10:55:16,250 - INFO - ❌ Gagal Kirim
2026-06-09 10:55:16,834 - INFO - ✅ Input: Tingkat Aktivitas Fisik (sedang dan berat)
2026-06-09 10:55:22,588 - INFO - ✅ Kirim
2026-06-09 10:55:23,693 - INFO - ✅ Input row: rowfrm000051
2026-06-09 10:55:26,809 - INFO - ⚠️ Skip: Input row: rowfrm000093
2026-06-09 10:55:29,897 - INFO - ⚠️ Skip: Input row: rowfrm000119
2026-06-09 10:55:33,988 - INFO - ⚠️ Dropdown gagal: sq_102i -> Gizi Baik
2026-06-09 10:55:36,549 - INFO - ✅ Kirim
2026-06-09 10:55:37,816 - INFO - ✅ Input row: rowfrm000256
2026-06-09 10:55:40,952 - INFO - ⚠️ Skip: Input row: rowfrm000197
2026-06-09 10:55:47,029 - INFO - ✅ Kirim
2026-06-09 10:55:47,481 - INFO - ✅ Input row: rowfrm000265
2026-06-09 10:55:50,589 - INFO - ⚠️ Skip: Input row: rowfrm000266
2026-06-09 10:56:01,906 - INFO - ✅ Kirim
2026-06-09 10:56:03,966 - INFO - ✅ Selesaikan Layanan
2026-06-09 10:56:06,124 - INFO - ✅ Konfirmasi
2026-06-09 10:56:09,177 - INFO - ✅ Selesai: TINA
2026-06-09 10:56:09,179 - INFO - 
===== PASIEN 20/28 =====
2026-06-09 10:56:09,179 - INFO - 👤 SUPRIYANTO
2026-06-09 10:56:09,787 - INFO - ✅ Tab Belum Pemeriksaan
2026-06-09 10:56:10,710 - INFO - ✅ Mulai: SUPRIYANTO
2026-06-09 10:56:12,778 - INFO - ✅ Tombol: Mulai Pemeriksaan
2026-06-09 10:56:12,853 - INFO - ✅ Simpan
2026-06-09 10:56:17,969 - INFO - ⚠️ Skip: Input: Demografi Dewasa Perempuan
2026-06-09 10:56:21,070 - INFO - ⚠️ Skip: Input: Demografi Lansia
2026-06-09 10:56:21,811 - INFO - ✅ Input: Demografi Dewasa Laki-Laki
2026-06-09 10:56:22,477 - INFO - ✅ Radio: Status Perkawinan → Menikah
2026-06-09 10:56:25,619 - INFO - ⚠️ Skip radio: Apakah Anda sedang hamil
2026-06-09 10:56:25,780 - INFO - ✅ Radio: Apakah Anda penyandang disabilitas? → Non disabilitas
2026-06-09 10:56:28,601 - INFO - ✅ Kirim
2026-06-09 10:56:31,817 - INFO - ⚠️ Skip: Input: Faktor Risiko Kanker Usus
2026-06-09 10:56:34,920 - INFO - ⚠️ Skip radio: kanker kolorektal
2026-06-09 10:56:41,204 - INFO - ❌ Gagal Kirim
2026-06-09 10:56:44,350 - INFO - ⚠️ Skip: Input: Faktor Risiko Malaria
2026-06-09 10:56:59,978 - INFO - ❌ Gagal Kirim
2026-06-09 10:57:00,665 - INFO - ✅ Input: Faktor Risiko TB - Dewasa & Lansia
2026-06-09 10:57:03,830 - INFO - ✅ Kirim
2026-06-09 10:57:06,917 - INFO - ⚠️ Skip: Input: Gejala Cemas Remaja
2026-06-09 10:57:19,371 - INFO - ❌ Gagal Kirim
2026-06-09 10:57:22,602 - INFO - ⚠️ Skip: Input: Gejala Depresi Remaja
2026-06-09 10:57:35,043 - INFO - ❌ Gagal Kirim
2026-06-09 10:57:38,462 - INFO - ⚠️ Skip: Input: Kesehatan Reproduksi Putra - Anak Sekolah
2026-06-09 10:57:51,230 - INFO - ❌ Gagal Kirim
2026-06-09 10:57:54,400 - INFO - ⚠️ Skip: Input: Kesehatan Reproduksi Putri - Anak Sekolah
2026-06-09 10:58:07,171 - INFO - ❌ Gagal Kirim
2026-06-09 10:58:10,419 - INFO - ⚠️ Skip: Input: Kuesioner Tingkat Aktivitas Fisik - Tingkat Aktivitas Fisik
2026-06-09 10:58:19,715 - INFO - ❌ Gagal Kirim
2026-06-09 10:58:22,835 - INFO - ⚠️ Skip: Input: Kelayakan Tes Kebugaran
2026-06-09 10:58:38,793 - INFO - ❌ Gagal Kirim
2026-06-09 10:58:39,417 - INFO - ✅ Input: Hati
2026-06-09 10:58:42,530 - INFO - ⚠️ Skip: Input: Faktor Risiko Hepatitis SMP dan SMA
2026-06-09 10:58:45,643 - INFO - ✅ Kirim
2026-06-09 10:58:48,795 - INFO - ⚠️ Skip: Input: Kanker Leher Rahim
2026-06-09 10:58:55,055 - INFO - ❌ Gagal Kirim
2026-06-09 10:58:55,605 - INFO - ✅ Input: Kesehatan Jiwa
2026-06-09 10:58:59,092 - INFO - ✅ Kirim
2026-06-09 10:59:02,209 - INFO - ⚠️ Skip: Input: Penapisan Risiko Kanker Paru
2026-06-09 10:59:24,380 - INFO - ❌ Gagal Kirim
2026-06-09 10:59:24,893 - INFO - ✅ Input: Perilaku Merokok
2026-06-09 10:59:28,003 - INFO - ⚠️ Skip: Input: Perilaku Merokok - Anak Sekolah
2026-06-09 10:59:31,807 - INFO - ✅ Kirim
2026-06-09 10:59:35,308 - INFO - ⚠️ Skip: Input: Riwayat Imunisasi Tetanus(Status T) - Hanya untuk Catin
2026-06-09 10:59:38,403 - INFO - ⚠️ Dropdown gagal: sq_100i -> Tidak tahu atau tidak ingat
2026-06-09 10:59:41,488 - INFO - ❌ Gagal Kirim
2026-06-09 10:59:41,997 - INFO - ✅ Input: Tingkat Aktivitas Fisik (sedang dan berat)
2026-06-09 10:59:46,163 - INFO - ✅ Kirim
2026-06-09 10:59:49,390 - INFO - ⚠️ Skip: Input row: rowfrm000051
2026-06-09 10:59:51,046 - INFO - ✅ Input row: rowfrm000093
2026-06-09 10:59:54,390 - INFO - ⚠️ Skip: Input row: rowfrm000119
2026-06-09 10:59:58,603 - INFO - ⚠️ Dropdown gagal: sq_102i -> Gizi Baik
2026-06-09 11:00:01,148 - INFO - ✅ Kirim
2026-06-09 11:00:01,746 - INFO - ✅ Input row: rowfrm000256
2026-06-09 11:00:04,935 - INFO - ⚠️ Skip: Input row: rowfrm000197
2026-06-09 11:00:11,636 - INFO - ✅ Kirim
2026-06-09 11:00:12,841 - INFO - ✅ Input row: rowfrm000265
2026-06-09 11:00:15,958 - INFO - ⚠️ Skip: Input row: rowfrm000266
2026-06-09 11:00:25,349 - INFO - ✅ Kirim
2026-06-09 11:00:27,483 - INFO - ✅ Selesaikan Layanan
2026-06-09 11:00:29,634 - INFO - ✅ Konfirmasi
2026-06-09 11:00:32,683 - INFO - ✅ Selesai: SUPRIYANTO
2026-06-09 11:00:32,686 - INFO - 
===== PASIEN 21/28 =====
2026-06-09 11:00:32,686 - INFO - 👤 RAVI PERNAMA PUTRA
2026-06-09 11:00:33,275 - INFO - ✅ Tab Belum Pemeriksaan
2026-06-09 11:00:34,118 - INFO - ✅ Mulai: RAVI PERNAMA PUTRA
2026-06-09 11:00:36,191 - INFO - ✅ Tombol: Mulai Pemeriksaan
2026-06-09 11:00:36,249 - INFO - ✅ Simpan
2026-06-09 11:00:41,337 - INFO - ⚠️ Skip: Input: Demografi Dewasa Perempuan
2026-06-09 11:00:44,530 - INFO - ⚠️ Skip: Input: Demografi Lansia
2026-06-09 11:00:45,548 - INFO - ✅ Input: Demografi Dewasa Laki-Laki
2026-06-09 11:00:46,348 - INFO - ✅ Radio: Status Perkawinan → Menikah
2026-06-09 11:00:49,471 - INFO - ⚠️ Skip radio: Apakah Anda sedang hamil
2026-06-09 11:00:49,528 - INFO - ✅ Radio: Apakah Anda penyandang disabilitas? → Non disabilitas
2026-06-09 11:00:52,101 - INFO - ✅ Kirim
2026-06-09 11:00:55,216 - INFO - ⚠️ Skip: Input: Faktor Risiko Kanker Usus
2026-06-09 11:00:58,372 - INFO - ⚠️ Skip radio: kanker kolorektal
2026-06-09 11:01:04,745 - INFO - ❌ Gagal Kirim
2026-06-09 11:01:07,837 - INFO - ⚠️ Skip: Input: Faktor Risiko Malaria
2026-06-09 11:01:23,653 - INFO - ❌ Gagal Kirim
2026-06-09 11:01:24,235 - INFO - ✅ Input: Faktor Risiko TB - Dewasa & Lansia
2026-06-09 11:01:27,421 - INFO - ✅ Kirim
2026-06-09 11:01:30,807 - INFO - ⚠️ Skip: Input: Gejala Cemas Remaja
2026-06-09 11:01:43,420 - INFO - ❌ Gagal Kirim
2026-06-09 11:01:46,639 - INFO - ⚠️ Skip: Input: Gejala Depresi Remaja
2026-06-09 11:01:59,269 - INFO - ❌ Gagal Kirim
2026-06-09 11:02:02,551 - INFO - ⚠️ Skip: Input: Kesehatan Reproduksi Putra - Anak Sekolah
2026-06-09 11:02:15,078 - INFO - ❌ Gagal Kirim
2026-06-09 11:02:18,172 - INFO - ⚠️ Skip: Input: Kesehatan Reproduksi Putri - Anak Sekolah
2026-06-09 11:02:30,581 - INFO - ❌ Gagal Kirim
2026-06-09 11:02:33,669 - INFO - ⚠️ Skip: Input: Kuesioner Tingkat Aktivitas Fisik - Tingkat Aktivitas Fisik
2026-06-09 11:02:43,312 - INFO - ❌ Gagal Kirim
2026-06-09 11:02:46,419 - INFO - ⚠️ Skip: Input: Kelayakan Tes Kebugaran
2026-06-09 11:03:02,384 - INFO - ❌ Gagal Kirim
2026-06-09 11:03:03,056 - INFO - ✅ Input: Hati
2026-06-09 11:03:06,192 - INFO - ⚠️ Skip: Input: Faktor Risiko Hepatitis SMP dan SMA
2026-06-09 11:03:09,442 - INFO - ✅ Kirim
2026-06-09 11:03:12,774 - INFO - ⚠️ Skip: Input: Kanker Leher Rahim
2026-06-09 11:03:18,967 - INFO - ❌ Gagal Kirim
2026-06-09 11:03:19,582 - INFO - ✅ Input: Kesehatan Jiwa
2026-06-09 11:03:22,979 - INFO - ✅ Kirim
2026-06-09 11:03:26,233 - INFO - ⚠️ Skip: Input: Penapisan Risiko Kanker Paru
2026-06-09 11:03:48,256 - INFO - ❌ Gagal Kirim
2026-06-09 11:03:48,937 - INFO - ✅ Input: Perilaku Merokok
2026-06-09 11:03:52,149 - INFO - ⚠️ Skip: Input: Perilaku Merokok - Anak Sekolah
2026-06-09 11:03:56,412 - INFO - ✅ Kirim
2026-06-09 11:03:59,541 - INFO - ⚠️ Skip: Input: Riwayat Imunisasi Tetanus(Status T) - Hanya untuk Catin
2026-06-09 11:04:02,625 - INFO - ⚠️ Dropdown gagal: sq_100i -> Tidak tahu atau tidak ingat
2026-06-09 11:04:05,824 - INFO - ❌ Gagal Kirim
2026-06-09 11:04:07,094 - INFO - ✅ Input: Tingkat Aktivitas Fisik (sedang dan berat)
2026-06-09 11:04:13,169 - INFO - ✅ Kirim
2026-06-09 11:04:16,279 - INFO - ⚠️ Skip: Input row: rowfrm000051
2026-06-09 11:04:16,916 - INFO - ✅ Input row: rowfrm000093
2026-06-09 11:04:20,012 - INFO - ⚠️ Skip: Input row: rowfrm000119
2026-06-09 11:04:23,945 - INFO - ⚠️ Dropdown gagal: sq_102i -> Gizi Baik
2026-06-09 11:04:26,730 - INFO - ✅ Kirim
2026-06-09 11:04:29,466 - INFO - ✅ Input row: rowfrm000256
2026-06-09 11:04:32,605 - INFO - ⚠️ Skip: Input row: rowfrm000197
2026-06-09 11:04:38,640 - INFO - ✅ Kirim
2026-06-09 11:04:39,785 - INFO - ✅ Input row: rowfrm000265
2026-06-09 11:04:43,198 - INFO - ⚠️ Skip: Input row: rowfrm000266
2026-06-09 11:04:54,106 - INFO - ✅ Kirim
2026-06-09 11:04:56,480 - INFO - ✅ Selesaikan Layanan
2026-06-09 11:04:58,550 - INFO - ✅ Konfirmasi
2026-06-09 11:05:01,595 - INFO - ✅ Selesai: RAVI PERNAMA PUTRA
2026-06-09 11:05:01,596 - INFO - 
===== PASIEN 22/28 =====
2026-06-09 11:05:01,596 - INFO - 👤 RONNY GURITNO
2026-06-09 11:05:02,220 - INFO - ✅ Tab Belum Pemeriksaan
2026-06-09 11:05:03,004 - INFO - ✅ Mulai: RONNY GURITNO
2026-06-09 11:05:05,116 - INFO - ✅ Tombol: Mulai Pemeriksaan
2026-06-09 11:05:05,173 - INFO - ✅ Simpan
2026-06-09 11:05:10,405 - INFO - ⚠️ Skip: Input: Demografi Dewasa Perempuan
2026-06-09 11:05:12,922 - INFO - ✅ Input: Demografi Lansia
2026-06-09 11:05:15,975 - INFO - ⚠️ Skip: Input: Demografi Dewasa Laki-Laki
2026-06-09 11:05:16,062 - INFO - ✅ Radio: Status Perkawinan → Menikah
2026-06-09 11:05:19,167 - INFO - ⚠️ Skip radio: Apakah Anda sedang hamil
2026-06-09 11:05:19,234 - INFO - ✅ Radio: Apakah Anda penyandang disabilitas? → Non disabilitas
2026-06-09 11:05:21,833 - INFO - ✅ Kirim
2026-06-09 11:05:22,535 - INFO - ✅ Input: Faktor Risiko Kanker Usus
2026-06-09 11:05:23,185 - INFO - ✅ Radio: kanker kolorektal → Tidak
2026-06-09 11:05:25,869 - INFO - ✅ Kirim
2026-06-09 11:05:28,970 - INFO - ⚠️ Skip: Input: Faktor Risiko Malaria
2026-06-09 11:05:44,994 - INFO - ❌ Gagal Kirim
2026-06-09 11:05:45,775 - INFO - ✅ Input: Faktor Risiko TB - Dewasa & Lansia
2026-06-09 11:05:49,251 - INFO - ✅ Kirim
2026-06-09 11:05:52,506 - INFO - ⚠️ Skip: Input: Gejala Cemas Remaja
2026-06-09 11:06:05,188 - INFO - ❌ Gagal Kirim
2026-06-09 11:06:08,314 - INFO - ⚠️ Skip: Input: Gejala Depresi Remaja
2026-06-09 11:06:21,382 - INFO - ❌ Gagal Kirim
2026-06-09 11:06:24,498 - INFO - ⚠️ Skip: Input: Kesehatan Reproduksi Putra - Anak Sekolah
2026-06-09 11:06:37,038 - INFO - ❌ Gagal Kirim
2026-06-09 11:06:40,132 - INFO - ⚠️ Skip: Input: Kesehatan Reproduksi Putri - Anak Sekolah
2026-06-09 11:06:52,834 - INFO - ❌ Gagal Kirim
2026-06-09 11:06:55,942 - INFO - ⚠️ Skip: Input: Kuesioner Tingkat Aktivitas Fisik - Tingkat Aktivitas Fisik
2026-06-09 11:07:05,561 - INFO - ❌ Gagal Kirim
2026-06-09 11:07:08,659 - INFO - ⚠️ Skip: Input: Kelayakan Tes Kebugaran
2026-06-09 11:07:24,521 - INFO - ❌ Gagal Kirim
2026-06-09 11:07:26,045 - INFO - ✅ Input: Hati
2026-06-09 11:07:30,340 - INFO - ⚠️ Skip: Input: Faktor Risiko Hepatitis SMP dan SMA
2026-06-09 11:07:34,275 - INFO - ✅ Kirim
2026-06-09 11:07:37,391 - INFO - ⚠️ Skip: Input: Kanker Leher Rahim
2026-06-09 11:07:43,792 - INFO - ❌ Gagal Kirim
2026-06-09 11:07:45,900 - INFO - ✅ Input: Kesehatan Jiwa
2026-06-09 11:07:50,598 - INFO - ✅ Kirim
2026-06-09 11:07:51,919 - INFO - ✅ Input: Penapisan Risiko Kanker Paru
2026-06-09 11:07:58,904 - INFO - ✅ Kirim
2026-06-09 11:08:02,366 - INFO - ⚠️ Skip: Input: Perilaku Merokok
2026-06-09 11:08:05,469 - INFO - ⚠️ Skip: Input: Perilaku Merokok - Anak Sekolah
2026-06-09 11:08:18,676 - INFO - ✅ Kirim
2026-06-09 11:08:21,768 - INFO - ⚠️ Skip: Input: Riwayat Imunisasi Tetanus(Status T) - Hanya untuk Catin
2026-06-09 11:08:24,875 - INFO - ⚠️ Dropdown gagal: sq_100i -> Tidak tahu atau tidak ingat
2026-06-09 11:08:27,432 - INFO - ✅ Kirim
2026-06-09 11:08:30,665 - INFO - ⚠️ Skip: Input: Tingkat Aktivitas Fisik (sedang dan berat)
2026-06-09 11:08:33,757 - INFO - ⚠️ Dropdown gagal: sq_100i -> Tidak
2026-06-09 11:08:36,847 - INFO - ⚠️ Dropdown gagal: sq_103i -> Tidak
2026-06-09 11:08:40,013 - INFO - ⚠️ Dropdown gagal: sq_106i -> Tidak
2026-06-09 11:08:43,230 - INFO - ⚠️ Dropdown gagal: sq_109i -> Tidak
2026-06-09 11:08:46,336 - INFO - ⚠️ Dropdown gagal: sq_112i -> Tidak
2026-06-09 11:08:49,431 - INFO - ⚠️ Dropdown gagal: sq_115i -> Tidak
2026-06-09 11:08:51,976 - INFO - ✅ Kirim
2026-06-09 11:08:55,325 - INFO - ⚠️ Skip: Input row: rowfrm000051
2026-06-09 11:08:58,426 - INFO - ⚠️ Skip: Input row: rowfrm000093
2026-06-09 11:09:01,520 - INFO - ⚠️ Skip: Input row: rowfrm000119
2026-06-09 11:09:14,242 - INFO - ⚠️ Dropdown gagal: sq_102i -> Gizi Baik
2026-06-09 11:09:16,818 - INFO - ✅ Kirim
2026-06-09 11:09:19,933 - INFO - ⚠️ Skip: Input row: rowfrm000256
2026-06-09 11:09:23,023 - INFO - ⚠️ Skip: Input row: rowfrm000197
2026-06-09 11:09:35,329 - INFO - ✅ Kirim
2026-06-09 11:09:38,423 - INFO - ⚠️ Skip: Input row: rowfrm000265
2026-06-09 11:09:41,557 - INFO - ⚠️ Skip: Input row: rowfrm000266
2026-06-09 11:09:59,887 - INFO - ✅ Kirim
2026-06-09 11:10:04,990 - INFO - ⚠️ Skip: Selesaikan Layanan
2026-06-09 11:10:10,135 - INFO - ⚠️ Skip: Selesaikan Layanan
2026-06-09 11:10:15,231 - INFO - ⚠️ Skip: Selesaikan Layanan
2026-06-09 11:10:22,464 - INFO - ⚠️ Skip: Konfirmasi
2026-06-09 11:10:27,562 - INFO - ⚠️ Skip: Konfirmasi
2026-06-09 11:10:32,751 - INFO - ⚠️ Skip: Konfirmasi
2026-06-09 11:10:39,843 - INFO - ✅ Selesai: RONNY GURITNO
2026-06-09 11:10:39,845 - INFO - 
===== PASIEN 23/28 =====
2026-06-09 11:10:39,845 - INFO - 👤 RUSNAWATI
2026-06-09 11:10:43,097 - INFO - ⚠️ Skip: Tab Belum Pemeriksaan
2026-06-09 11:10:46,424 - INFO - ⛔ Gagal cari: RUSNAWATI
2026-06-09 11:10:48,484 - INFO - 
===== PASIEN 24/28 =====
2026-06-09 11:10:48,485 - INFO - 👤 ILHAM MAULANA
2026-06-09 11:10:51,583 - INFO - ⚠️ Skip: Tab Belum Pemeriksaan
2026-06-09 11:10:54,678 - INFO - ⛔ Gagal cari: ILHAM MAULANA
2026-06-09 11:10:56,750 - INFO - 
===== PASIEN 25/28 =====
2026-06-09 11:10:56,750 - INFO - 👤 MUHAYA
2026-06-09 11:10:59,862 - INFO - ⚠️ Skip: Tab Belum Pemeriksaan
2026-06-09 11:11:03,157 - INFO - ⛔ Gagal cari: MUHAYA
2026-06-09 11:11:05,237 - INFO - 
===== PASIEN 26/28 =====
2026-06-09 11:11:05,237 - INFO - 👤 MIRNA NAINGGOLAN
2026-06-09 11:11:08,326 - INFO - ⚠️ Skip: Tab Belum Pemeriksaan
2026-06-09 11:11:11,414 - INFO - ⛔ Gagal cari: MIRNA NAINGGOLAN
2026-06-09 11:11:13,507 - INFO - 
===== PASIEN 27/28 =====
2026-06-09 11:11:13,508 - INFO - 👤 NENI YULIANI
2026-06-09 11:11:16,552 - INFO - ⚠️ Skip: Tab Belum Pemeriksaan
2026-06-09 11:11:19,662 - INFO - ⛔ Gagal cari: NENI YULIANI
2026-06-09 11:11:21,724 - INFO - 
===== PASIEN 28/28 =====
2026-06-09 11:11:21,724 - INFO - 👤 NAN
2026-06-09 11:11:24,812 - INFO - ⚠️ Skip: Tab Belum Pemeriksaan
2026-06-09 11:11:27,970 - INFO - ⛔ Gagal cari: NAN
2026-06-09 11:11:30,142 - INFO - 
===== HASIL =====
2026-06-09 11:11:30,142 - INFO - Total     : 28
2026-06-09 11:11:30,143 - INFO - Sukses    : 10
2026-06-09 11:11:30,143 - INFO - Gagal     : 6
2026-06-09 11:11:30,143 - INFO - Not found : 0
2026-06-09 11:11:30,143 - INFO - 
✅ Bot selesai!
2026-06-09 11:24:40,349 - INFO - URL: https://sehatindonesiaku.kemkes.go.id/auth/login
2026-06-09 11:24:50,412 - INFO - ✅ CKG Umum
2026-06-09 11:24:50,963 - INFO - ✅ Menu Pelayanan
2026-06-09 11:24:52,355 - INFO - ✅ Checkbox Lokasi
2026-06-09 11:24:53,749 - INFO - ✅ Tombol: Simpan
2026-06-09 11:24:56,278 - INFO - 📂 Resume dari index 23
2026-06-09 11:24:56,319 - INFO - 
===== PASIEN 24/28 =====
2026-06-09 11:24:56,328 - INFO - 👤 ILHAM MAULANA
2026-06-09 11:24:56,627 - INFO - ✅ Tab Belum Pemeriksaan
2026-06-09 11:24:57,781 - INFO - ✅ Mulai: ILHAM MAULANA
2026-06-09 11:24:59,835 - INFO - ✅ Tombol: Mulai Pemeriksaan
2026-06-09 11:24:59,892 - INFO - ✅ Simpan
2026-06-09 11:25:04,993 - INFO - ⚠️ Skip: Input: Demografi Dewasa Perempuan
2026-06-09 11:25:08,082 - INFO - ⚠️ Skip: Input: Demografi Lansia
2026-06-09 11:25:08,675 - INFO - ✅ Input: Demografi Dewasa Laki-Laki
2026-06-09 11:25:09,890 - INFO - ✅ Radio: Status Perkawinan → Menikah
2026-06-09 11:25:13,331 - INFO - ⚠️ Skip radio: Apakah Anda sedang hamil
2026-06-09 11:25:13,870 - INFO - ✅ Radio: Apakah Anda penyandang disabilitas? → Non disabilitas
2026-06-09 11:25:16,680 - INFO - ✅ Kirim
2026-06-09 11:25:20,088 - INFO - ⚠️ Skip: Input: Faktor Risiko Kanker Usus
2026-06-09 11:25:23,261 - INFO - ⚠️ Skip radio: kanker kolorektal
2026-06-09 11:25:29,473 - INFO - ❌ Gagal Kirim
2026-06-09 11:25:32,732 - INFO - ⚠️ Skip: Input: Faktor Risiko Malaria
2026-06-09 11:25:48,514 - INFO - ❌ Gagal Kirim
2026-06-09 11:25:49,211 - INFO - ✅ Input: Faktor Risiko TB - Dewasa & Lansia
2026-06-09 11:25:52,483 - INFO - ✅ Kirim
2026-06-09 11:25:55,929 - INFO - ⚠️ Skip: Input: Gejala Cemas Remaja
2026-06-09 11:26:08,639 - INFO - ❌ Gagal Kirim
2026-06-09 11:26:11,790 - INFO - ⚠️ Skip: Input: Gejala Depresi Remaja
2026-06-09 11:26:24,666 - INFO - ❌ Gagal Kirim
2026-06-09 11:26:27,822 - INFO - ⚠️ Skip: Input: Kesehatan Reproduksi Putra - Anak Sekolah
2026-06-09 11:26:40,653 - INFO - ❌ Gagal Kirim
2026-06-09 11:26:43,754 - INFO - ⚠️ Skip: Input: Kesehatan Reproduksi Putri - Anak Sekolah
2026-06-09 11:26:56,571 - INFO - ❌ Gagal Kirim
2026-06-09 11:26:59,679 - INFO - ⚠️ Skip: Input: Kuesioner Tingkat Aktivitas Fisik - Tingkat Aktivitas Fisik
2026-06-09 11:27:09,158 - INFO - ❌ Gagal Kirim
2026-06-09 11:27:12,283 - INFO - ⚠️ Skip: Input: Kelayakan Tes Kebugaran
2026-06-09 11:27:28,692 - INFO - ❌ Gagal Kirim
2026-06-09 11:27:30,393 - INFO - ✅ Input: Hati
2026-06-09 11:27:33,603 - INFO - ⚠️ Skip: Input: Faktor Risiko Hepatitis SMP dan SMA
2026-06-09 11:27:36,831 - INFO - ✅ Kirim
2026-06-09 11:27:39,970 - INFO - ⚠️ Skip: Input: Kanker Leher Rahim
2026-06-09 11:27:46,360 - INFO - ❌ Gagal Kirim
2026-06-09 11:27:47,726 - INFO - ✅ Input: Kesehatan Jiwa
2026-06-09 11:27:51,926 - INFO - ✅ Kirim
2026-06-09 11:27:55,040 - INFO - ⚠️ Skip: Input: Penapisan Risiko Kanker Paru
2026-06-09 11:28:16,912 - INFO - ❌ Gagal Kirim
2026-06-09 11:28:17,756 - INFO - ✅ Input: Perilaku Merokok
2026-06-09 11:28:21,390 - INFO - ⚠️ Skip: Input: Perilaku Merokok - Anak Sekolah
2026-06-09 11:28:26,148 - INFO - ✅ Kirim
2026-06-09 11:28:29,324 - INFO - ⚠️ Skip: Input: Riwayat Imunisasi Tetanus(Status T) - Hanya untuk Catin
2026-06-09 11:28:32,410 - INFO - ⚠️ Dropdown gagal: sq_100i -> Tidak tahu atau tidak ingat
2026-06-09 11:28:35,494 - INFO - ❌ Gagal Kirim
2026-06-09 11:28:35,992 - INFO - ✅ Input: Tingkat Aktivitas Fisik (sedang dan berat)
2026-06-09 11:28:40,173 - INFO - ✅ Kirim
2026-06-09 11:28:43,396 - INFO - ⚠️ Skip: Input row: rowfrm000051
2026-06-09 11:28:44,474 - INFO - ✅ Input row: rowfrm000093
2026-06-09 11:28:47,885 - INFO - ⚠️ Skip: Input row: rowfrm000119
2026-06-09 11:28:52,260 - INFO - ⚠️ Dropdown gagal: sq_102i -> Gizi Baik
2026-06-09 11:28:54,826 - INFO - ✅ Kirim
2026-06-09 11:28:55,508 - INFO - ✅ Input row: rowfrm000256
2026-06-09 11:28:58,684 - INFO - ⚠️ Skip: Input row: rowfrm000197
2026-06-09 11:29:04,850 - INFO - ✅ Kirim
2026-06-09 11:29:05,631 - INFO - ✅ Input row: rowfrm000265
2026-06-09 11:29:08,907 - INFO - ⚠️ Skip: Input row: rowfrm000266
2026-06-09 11:29:18,514 - INFO - ✅ Kirim
2026-06-09 11:29:20,624 - INFO - ✅ Selesaikan Layanan
2026-06-09 11:29:22,681 - INFO - ✅ Konfirmasi
2026-06-09 11:29:25,724 - INFO - ✅ Selesai: ILHAM MAULANA
2026-06-09 11:29:25,726 - INFO - 
===== PASIEN 25/28 =====
2026-06-09 11:29:25,726 - INFO - 👤 MUHAYA
2026-06-09 11:29:26,305 - INFO - ✅ Tab Belum Pemeriksaan
2026-06-09 11:29:27,117 - INFO - ✅ Mulai: MUHAYA
2026-06-09 11:29:29,235 - INFO - ✅ Tombol: Mulai Pemeriksaan
2026-06-09 11:29:29,307 - INFO - ✅ Simpan
2026-06-09 11:29:34,589 - INFO - ⚠️ Skip: Input: Demografi Dewasa Perempuan
2026-06-09 11:29:35,674 - INFO - ✅ Input: Demografi Lansia
2026-06-09 11:29:38,943 - INFO - ⚠️ Skip: Input: Demografi Dewasa Laki-Laki
2026-06-09 11:29:39,030 - INFO - ✅ Radio: Status Perkawinan → Menikah
2026-06-09 11:29:42,448 - INFO - ⚠️ Skip radio: Apakah Anda sedang hamil
2026-06-09 11:29:42,506 - INFO - ✅ Radio: Apakah Anda penyandang disabilitas? → Non disabilitas
2026-06-09 11:29:45,058 - INFO - ✅ Kirim
2026-06-09 11:29:45,805 - INFO - ✅ Input: Faktor Risiko Kanker Usus
2026-06-09 11:29:46,408 - INFO - ✅ Radio: kanker kolorektal → Tidak
2026-06-09 11:29:49,053 - INFO - ✅ Kirim
2026-06-09 11:29:52,412 - INFO - ⚠️ Skip: Input: Faktor Risiko Malaria
2026-06-09 11:30:08,312 - INFO - ❌ Gagal Kirim
2026-06-09 11:30:09,201 - INFO - ✅ Input: Faktor Risiko TB - Dewasa & Lansia
2026-06-09 11:30:12,463 - INFO - ✅ Kirim
2026-06-09 11:30:15,910 - INFO - ⚠️ Skip: Input: Gejala Cemas Remaja
2026-06-09 11:30:28,559 - INFO - ❌ Gagal Kirim
2026-06-09 11:30:32,016 - INFO - ⚠️ Skip: Input: Gejala Depresi Remaja
2026-06-09 11:30:44,833 - INFO - ❌ Gagal Kirim
2026-06-09 11:30:48,004 - INFO - ⚠️ Skip: Input: Kesehatan Reproduksi Putra - Anak Sekolah
2026-06-09 11:31:00,390 - INFO - ❌ Gagal Kirim
2026-06-09 11:31:03,636 - INFO - ⚠️ Skip: Input: Kesehatan Reproduksi Putri - Anak Sekolah
2026-06-09 11:31:16,329 - INFO - ❌ Gagal Kirim
2026-06-09 11:31:19,584 - INFO - ⚠️ Skip: Input: Kuesioner Tingkat Aktivitas Fisik - Tingkat Aktivitas Fisik
2026-06-09 11:31:29,040 - INFO - ❌ Gagal Kirim
2026-06-09 11:31:32,196 - INFO - ⚠️ Skip: Input: Kelayakan Tes Kebugaran
2026-06-09 11:31:47,802 - INFO - ❌ Gagal Kirim
2026-06-09 11:31:48,368 - INFO - ✅ Input: Hati
2026-06-09 11:31:51,482 - INFO - ⚠️ Skip: Input: Faktor Risiko Hepatitis SMP dan SMA
2026-06-09 11:31:54,695 - INFO - ✅ Kirim
2026-06-09 11:31:57,828 - INFO - ⚠️ Skip: Input: Kanker Leher Rahim
2026-06-09 11:32:04,039 - INFO - ❌ Gagal Kirim
2026-06-09 11:32:04,605 - INFO - ✅ Input: Kesehatan Jiwa
2026-06-09 11:32:07,993 - INFO - ✅ Kirim
2026-06-09 11:32:08,523 - INFO - ✅ Input: Penapisan Risiko Kanker Paru
2026-06-09 11:32:14,358 - INFO - ✅ Kirim
2026-06-09 11:32:15,495 - INFO - ✅ Input: Perilaku Merokok
2026-06-09 11:32:18,617 - INFO - ⚠️ Skip: Input: Perilaku Merokok - Anak Sekolah
2026-06-09 11:32:22,409 - INFO - ✅ Kirim
2026-06-09 11:32:25,501 - INFO - ⚠️ Skip: Input: Riwayat Imunisasi Tetanus(Status T) - Hanya untuk Catin
2026-06-09 11:32:28,780 - INFO - ⚠️ Dropdown gagal: sq_100i -> Tidak tahu atau tidak ingat
2026-06-09 11:32:32,119 - INFO - ❌ Gagal Kirim
2026-06-09 11:32:32,881 - INFO - ✅ Input: Tingkat Aktivitas Fisik (sedang dan berat)
2026-06-09 11:32:37,123 - INFO - ✅ Kirim
2026-06-09 11:32:37,783 - INFO - ✅ Input row: rowfrm000051
2026-06-09 11:32:40,902 - INFO - ⚠️ Skip: Input row: rowfrm000093
2026-06-09 11:32:44,047 - INFO - ⚠️ Skip: Input row: rowfrm000119
2026-06-09 11:32:50,168 - INFO - ⚠️ Dropdown gagal: sq_102i -> Gizi Baik
2026-06-09 11:32:52,723 - INFO - ✅ Kirim
2026-06-09 11:32:53,252 - INFO - ✅ Input row: rowfrm000256
2026-06-09 11:32:56,341 - INFO - ⚠️ Skip: Input row: rowfrm000197
2026-06-09 11:33:02,768 - INFO - ✅ Kirim
2026-06-09 11:33:03,511 - INFO - ✅ Input row: rowfrm000265
2026-06-09 11:33:06,624 - INFO - ⚠️ Skip: Input row: rowfrm000266
2026-06-09 11:33:16,135 - INFO - ✅ Kirim
2026-06-09 11:33:18,224 - INFO - ✅ Selesaikan Layanan
2026-06-09 11:33:20,280 - INFO - ✅ Konfirmasi
2026-06-09 11:33:23,316 - INFO - ✅ Selesai: MUHAYA
2026-06-09 11:33:23,317 - INFO - 
===== PASIEN 26/28 =====
2026-06-09 11:33:23,317 - INFO - 👤 MIRNA NAINGGOLAN
2026-06-09 11:33:23,890 - INFO - ✅ Tab Belum Pemeriksaan
2026-06-09 11:33:24,714 - INFO - ✅ Mulai: MIRNA NAINGGOLAN
2026-06-09 11:33:26,771 - INFO - ✅ Tombol: Mulai Pemeriksaan
2026-06-09 11:33:26,825 - INFO - ✅ Simpan
2026-06-09 11:33:29,834 - INFO - ✅ Input: Demografi Dewasa Perempuan
2026-06-09 11:33:33,170 - INFO - ⚠️ Skip: Input: Demografi Lansia
2026-06-09 11:33:36,279 - INFO - ⚠️ Skip: Input: Demografi Dewasa Laki-Laki
2026-06-09 11:33:36,348 - INFO - ✅ Radio: Status Perkawinan → Menikah
2026-06-09 11:33:36,394 - INFO - ✅ Radio: Apakah Anda sedang hamil → Tidak
2026-06-09 11:33:36,441 - INFO - ✅ Radio: Apakah Anda penyandang disabilitas? → Non disabilitas
2026-06-09 11:33:39,006 - INFO - ✅ Kirim
2026-06-09 11:33:42,133 - INFO - ⚠️ Skip: Input: Faktor Risiko Kanker Usus
2026-06-09 11:33:45,398 - INFO - ⚠️ Skip radio: kanker kolorektal
2026-06-09 11:33:51,624 - INFO - ❌ Gagal Kirim
2026-06-09 11:33:54,728 - INFO - ⚠️ Skip: Input: Faktor Risiko Malaria
2026-06-09 11:34:10,546 - INFO - ❌ Gagal Kirim
2026-06-09 11:34:11,012 - INFO - ✅ Input: Faktor Risiko TB - Dewasa & Lansia
2026-06-09 11:34:14,230 - INFO - ✅ Kirim
2026-06-09 11:34:17,595 - INFO - ⚠️ Skip: Input: Gejala Cemas Remaja
2026-06-09 11:34:30,382 - INFO - ❌ Gagal Kirim
2026-06-09 11:34:33,576 - INFO - ⚠️ Skip: Input: Gejala Depresi Remaja
2026-06-09 11:34:46,015 - INFO - ❌ Gagal Kirim
2026-06-09 11:34:49,116 - INFO - ⚠️ Skip: Input: Kesehatan Reproduksi Putra - Anak Sekolah
2026-06-09 11:35:02,156 - INFO - ❌ Gagal Kirim
2026-06-09 11:35:05,268 - INFO - ⚠️ Skip: Input: Kesehatan Reproduksi Putri - Anak Sekolah
2026-06-09 11:35:18,571 - INFO - ❌ Gagal Kirim
2026-06-09 11:35:21,678 - INFO - ⚠️ Skip: Input: Kuesioner Tingkat Aktivitas Fisik - Tingkat Aktivitas Fisik
2026-06-09 11:35:30,882 - INFO - ❌ Gagal Kirim
2026-06-09 11:35:34,090 - INFO - ⚠️ Skip: Input: Kelayakan Tes Kebugaran
2026-06-09 11:35:49,654 - INFO - ❌ Gagal Kirim
2026-06-09 11:35:50,112 - INFO - ✅ Input: Hati
2026-06-09 11:35:53,214 - INFO - ⚠️ Skip: Input: Faktor Risiko Hepatitis SMP dan SMA
2026-06-09 11:35:56,145 - INFO - ✅ Kirim
2026-06-09 11:35:59,258 - INFO - ⚠️ Skip: Input: Kanker Leher Rahim
2026-06-09 11:36:06,197 - INFO - ❌ Gagal Kirim
2026-06-09 11:36:07,786 - INFO - ✅ Input: Kesehatan Jiwa
2026-06-09 11:36:11,638 - INFO - ✅ Kirim
2026-06-09 11:36:14,768 - INFO - ⚠️ Skip: Input: Penapisan Risiko Kanker Paru
2026-06-09 11:36:36,482 - INFO - ❌ Gagal Kirim
2026-06-09 11:36:37,132 - INFO - ✅ Input: Perilaku Merokok
2026-06-09 11:36:40,241 - INFO - ⚠️ Skip: Input: Perilaku Merokok - Anak Sekolah
2026-06-09 11:36:44,063 - INFO - ✅ Kirim
2026-06-09 11:36:45,405 - INFO - ✅ Input: Riwayat Imunisasi Tetanus(Status T) - Hanya untuk Catin
2026-06-09 11:36:49,886 - INFO - ✅ Kirim
2026-06-09 11:36:51,277 - INFO - ✅ Input: Tingkat Aktivitas Fisik (sedang dan berat)
2026-06-09 11:36:55,812 - INFO - ✅ Kirim
2026-06-09 11:36:57,211 - INFO - ✅ Input row: rowfrm000051
2026-06-09 11:37:00,318 - INFO - ⚠️ Skip: Input row: rowfrm000093
2026-06-09 11:37:03,403 - INFO - ⚠️ Skip: Input row: rowfrm000119
2026-06-09 11:37:07,523 - INFO - ⚠️ Dropdown gagal: sq_102i -> Gizi Baik
2026-06-09 11:37:10,246 - INFO - ✅ Kirim
2026-06-09 11:37:11,670 - INFO - ✅ Input row: rowfrm000256
2026-06-09 11:37:14,833 - INFO - ⚠️ Skip: Input row: rowfrm000197
2026-06-09 11:37:20,867 - INFO - ✅ Kirim
2026-06-09 11:37:21,502 - INFO - ✅ Input row: rowfrm000265
2026-06-09 11:37:24,614 - INFO - ⚠️ Skip: Input row: rowfrm000266
2026-06-09 11:37:35,277 - INFO - ✅ Kirim
2026-06-09 11:37:37,391 - INFO - ✅ Selesaikan Layanan
2026-06-09 11:37:39,506 - INFO - ✅ Konfirmasi
2026-06-09 11:37:42,554 - INFO - ✅ Selesai: MIRNA NAINGGOLAN
2026-06-09 11:37:42,556 - INFO - 
===== PASIEN 27/28 =====
2026-06-09 11:37:42,556 - INFO - 👤 NENI YULIANI
2026-06-09 11:37:43,164 - INFO - ✅ Tab Belum Pemeriksaan
2026-06-09 11:37:44,044 - INFO - ✅ Mulai: NENI YULIANI
2026-06-09 11:37:46,958 - INFO - ✅ Tombol: Mulai Pemeriksaan
2026-06-09 11:37:47,171 - INFO - ✅ Simpan
2026-06-09 11:37:50,510 - INFO - ✅ Input: Demografi Dewasa Perempuan
2026-06-09 11:37:53,641 - INFO - ⚠️ Skip: Input: Demografi Lansia
2026-06-09 11:37:56,764 - INFO - ⚠️ Skip: Input: Demografi Dewasa Laki-Laki
2026-06-09 11:37:56,855 - INFO - ✅ Radio: Status Perkawinan → Menikah
2026-06-09 11:37:56,957 - INFO - ✅ Radio: Apakah Anda sedang hamil → Tidak
2026-06-09 11:37:57,045 - INFO - ✅ Radio: Apakah Anda penyandang disabilitas? → Non disabilitas
2026-06-09 11:37:59,635 - INFO - ✅ Kirim
2026-06-09 11:38:00,357 - INFO - ✅ Input: Faktor Risiko Kanker Usus
2026-06-09 11:38:00,985 - INFO - ✅ Radio: kanker kolorektal → Tidak
2026-06-09 11:38:03,610 - INFO - ✅ Kirim
2026-06-09 11:38:06,789 - INFO - ⚠️ Skip: Input: Faktor Risiko Malaria
2026-06-09 11:38:22,739 - INFO - ❌ Gagal Kirim
2026-06-09 11:38:23,952 - INFO - ✅ Input: Faktor Risiko TB - Dewasa & Lansia
2026-06-09 11:38:27,963 - INFO - ✅ Kirim
2026-06-09 11:38:31,101 - INFO - ⚠️ Skip: Input: Gejala Cemas Remaja
2026-06-09 11:38:43,874 - INFO - ❌ Gagal Kirim
2026-06-09 11:38:46,983 - INFO - ⚠️ Skip: Input: Gejala Depresi Remaja
2026-06-09 11:38:59,367 - INFO - ❌ Gagal Kirim
2026-06-09 11:39:02,669 - INFO - ⚠️ Skip: Input: Kesehatan Reproduksi Putra - Anak Sekolah
2026-06-09 11:39:15,200 - INFO - ❌ Gagal Kirim
2026-06-09 11:39:18,446 - INFO - ⚠️ Skip: Input: Kesehatan Reproduksi Putri - Anak Sekolah
2026-06-09 11:39:30,850 - INFO - ❌ Gagal Kirim
2026-06-09 11:39:33,932 - INFO - ⚠️ Skip: Input: Kuesioner Tingkat Aktivitas Fisik - Tingkat Aktivitas Fisik
2026-06-09 11:39:43,263 - INFO - ❌ Gagal Kirim
2026-06-09 11:39:46,359 - INFO - ⚠️ Skip: Input: Kelayakan Tes Kebugaran
2026-06-09 11:40:02,053 - INFO - ❌ Gagal Kirim
2026-06-09 11:40:02,659 - INFO - ✅ Input: Hati
2026-06-09 11:40:05,827 - INFO - ⚠️ Skip: Input: Faktor Risiko Hepatitis SMP dan SMA
2026-06-09 11:40:08,967 - INFO - ✅ Kirim
2026-06-09 11:40:10,263 - INFO - ✅ Input: Kanker Leher Rahim
2026-06-09 11:40:14,002 - INFO - ✅ Kirim
2026-06-09 11:40:14,500 - INFO - ✅ Input: Kesehatan Jiwa
2026-06-09 11:40:17,775 - INFO - ✅ Kirim
2026-06-09 11:40:18,419 - INFO - ✅ Input: Penapisan Risiko Kanker Paru
2026-06-09 11:40:22,442 - INFO - ✅ Kirim
2026-06-09 11:40:22,966 - INFO - ✅ Input: Perilaku Merokok
2026-06-09 11:40:26,113 - INFO - ⚠️ Skip: Input: Perilaku Merokok - Anak Sekolah
2026-06-09 11:40:30,098 - INFO - ✅ Kirim
2026-06-09 11:40:33,242 - INFO - ⚠️ Skip: Input: Riwayat Imunisasi Tetanus(Status T) - Hanya untuk Catin
2026-06-09 11:40:36,335 - INFO - ⚠️ Dropdown gagal: sq_100i -> Tidak tahu atau tidak ingat
2026-06-09 11:40:39,502 - INFO - ❌ Gagal Kirim
2026-06-09 11:40:40,350 - INFO - ✅ Input: Tingkat Aktivitas Fisik (sedang dan berat)
2026-06-09 11:40:45,183 - INFO - ✅ Kirim
2026-06-09 11:40:45,742 - INFO - ✅ Input row: rowfrm000051
2026-06-09 11:40:48,857 - INFO - ⚠️ Skip: Input row: rowfrm000093
2026-06-09 11:40:51,939 - INFO - ⚠️ Skip: Input row: rowfrm000119
2026-06-09 11:40:56,168 - INFO - ⚠️ Dropdown gagal: sq_102i -> Gizi Baik
2026-06-09 11:40:58,837 - INFO - ✅ Kirim
2026-06-09 11:40:59,598 - INFO - ✅ Input row: rowfrm000256
2026-06-09 11:41:02,728 - INFO - ⚠️ Skip: Input row: rowfrm000197
2026-06-09 11:41:08,856 - INFO - ✅ Kirim
2026-06-09 11:41:09,388 - INFO - ✅ Input row: rowfrm000265
2026-06-09 11:41:12,672 - INFO - ⚠️ Skip: Input row: rowfrm000266
2026-06-09 11:41:22,399 - INFO - ✅ Kirim
2026-06-09 11:41:24,859 - INFO - ✅ Selesaikan Layanan
2026-06-09 11:41:26,940 - INFO - ✅ Konfirmasi
2026-06-09 11:41:29,976 - INFO - ✅ Selesai: NENI YULIANI
2026-06-09 11:41:29,977 - INFO - 
===== PASIEN 28/28 =====
2026-06-09 11:41:29,978 - INFO - 👤 NAN
2026-06-09 11:41:30,556 - INFO - ✅ Tab Belum Pemeriksaan
2026-06-09 11:41:31,324 - INFO - ✅ Mulai: NAN
2026-06-09 11:41:33,380 - INFO - ✅ Tombol: Mulai Pemeriksaan
2026-06-09 11:41:33,437 - INFO - ✅ Simpan
2026-06-09 11:41:38,642 - INFO - ⚠️ Skip: Input: Demografi Dewasa Perempuan
2026-06-09 11:41:41,848 - INFO - ⚠️ Skip: Input: Demografi Lansia
2026-06-09 11:41:44,956 - INFO - ⚠️ Skip: Input: Demografi Dewasa Laki-Laki
2026-06-09 11:41:48,072 - INFO - ⚠️ Skip radio: Status Perkawinan
2026-06-09 11:41:51,346 - INFO - ⚠️ Skip radio: Apakah Anda sedang hamil
2026-06-09 11:41:54,783 - INFO - ⚠️ Skip radio: Apakah Anda penyandang disabilitas?
2026-06-09 11:41:58,190 - INFO - ❌ Gagal Kirim
2026-06-09 11:42:01,333 - INFO - ⚠️ Skip: Input: Faktor Risiko Kanker Usus
2026-06-09 11:42:04,448 - INFO - ⚠️ Skip radio: kanker kolorektal
2026-06-09 11:42:10,736 - INFO - ❌ Gagal Kirim
2026-06-09 11:42:13,942 - INFO - ⚠️ Skip: Input: Faktor Risiko Malaria
2026-06-09 11:42:29,429 - INFO - ❌ Gagal Kirim
2026-06-09 11:42:32,502 - INFO - ⚠️ Skip: Input: Faktor Risiko TB - Dewasa & Lansia
2026-06-09 11:42:38,670 - INFO - ❌ Gagal Kirim
2026-06-09 11:42:41,860 - INFO - ⚠️ Skip: Input: Gejala Cemas Remaja
2026-06-09 11:42:54,485 - INFO - ❌ Gagal Kirim
2026-06-09 11:42:57,631 - INFO - ⚠️ Skip: Input: Gejala Depresi Remaja
2026-06-09 11:43:10,560 - INFO - ❌ Gagal Kirim
2026-06-09 11:43:13,648 - INFO - ⚠️ Skip: Input: Kesehatan Reproduksi Putra - Anak Sekolah
2026-06-09 11:43:26,331 - INFO - ❌ Gagal Kirim
2026-06-09 11:43:29,420 - INFO - ⚠️ Skip: Input: Kesehatan Reproduksi Putri - Anak Sekolah
2026-06-09 11:43:41,918 - INFO - ❌ Gagal Kirim
2026-06-09 11:43:45,109 - INFO - ⚠️ Skip: Input: Kuesioner Tingkat Aktivitas Fisik - Tingkat Aktivitas Fisik
2026-06-09 11:43:54,406 - INFO - ❌ Gagal Kirim
2026-06-09 11:43:57,714 - INFO - ⚠️ Skip: Input: Kelayakan Tes Kebugaran
2026-06-09 11:44:13,418 - INFO - ❌ Gagal Kirim
2026-06-09 11:44:16,528 - INFO - ⚠️ Skip: Input: Hati
2026-06-09 11:44:19,730 - INFO - ⚠️ Skip: Input: Faktor Risiko Hepatitis SMP dan SMA
2026-06-09 11:44:51,148 - INFO - ❌ Gagal Kirim
2026-06-09 11:44:54,244 - INFO - ⚠️ Skip: Input: Kanker Leher Rahim
2026-06-09 11:45:00,496 - INFO - ❌ Gagal Kirim
2026-06-09 11:45:03,567 - INFO - ⚠️ Skip: Input: Kesehatan Jiwa
2026-06-09 11:45:19,046 - INFO - ❌ Gagal Kirim
2026-06-09 11:45:22,161 - INFO - ⚠️ Skip: Input: Penapisan Risiko Kanker Paru
2026-06-09 11:45:43,873 - INFO - ❌ Gagal Kirim
2026-06-09 11:45:46,943 - INFO - ⚠️ Skip: Input: Perilaku Merokok
2026-06-09 11:45:50,101 - INFO - ⚠️ Skip: Input: Perilaku Merokok - Anak Sekolah
2026-06-09 11:46:03,708 - INFO - ❌ Gagal Kirim
2026-06-09 11:46:06,791 - INFO - ⚠️ Skip: Input: Riwayat Imunisasi Tetanus(Status T) - Hanya untuk Catin
2026-06-09 11:46:09,860 - INFO - ⚠️ Dropdown gagal: sq_100i -> Tidak tahu atau tidak ingat
2026-06-09 11:46:12,951 - INFO - ❌ Gagal Kirim
2026-06-09 11:46:16,154 - INFO - ⚠️ Skip: Input: Tingkat Aktivitas Fisik (sedang dan berat)
2026-06-09 11:46:19,234 - INFO - ⚠️ Dropdown gagal: sq_100i -> Tidak
2026-06-09 11:46:22,294 - INFO - ⚠️ Dropdown gagal: sq_103i -> Tidak
2026-06-09 11:46:25,371 - INFO - ⚠️ Dropdown gagal: sq_106i -> Tidak
2026-06-09 11:46:28,544 - INFO - ⚠️ Dropdown gagal: sq_109i -> Tidak
2026-06-09 11:46:31,613 - INFO - ⚠️ Dropdown gagal: sq_112i -> Tidak
2026-06-09 11:46:34,685 - INFO - ⚠️ Dropdown gagal: sq_115i -> Tidak
2026-06-09 11:46:37,755 - INFO - ❌ Gagal Kirim
2026-06-09 11:46:41,018 - INFO - ⚠️ Skip: Input row: rowfrm000051
2026-06-09 11:46:44,102 - INFO - ⚠️ Skip: Input row: rowfrm000093
2026-06-09 11:46:47,173 - INFO - ⚠️ Skip: Input row: rowfrm000119
2026-06-09 11:46:59,910 - INFO - ⚠️ Dropdown gagal: sq_102i -> Gizi Baik
2026-06-09 11:47:03,016 - INFO - ❌ Gagal Kirim
2026-06-09 11:47:06,132 - INFO - ⚠️ Skip: Input row: rowfrm000256
2026-06-09 11:47:09,239 - INFO - ⚠️ Skip: Input row: rowfrm000197
2026-06-09 11:47:21,903 - INFO - ❌ Gagal Kirim
2026-06-09 11:47:25,021 - INFO - ⚠️ Skip: Input row: rowfrm000265
2026-06-09 11:47:28,136 - INFO - ⚠️ Skip: Input row: rowfrm000266
2026-06-09 12:48:02,762 - INFO - ❌ Gagal Kirim
2026-06-09 12:48:04,765 - INFO - ⚠️ Skip: Selesaikan Layanan
2026-06-10 08:10:20,377 - INFO - ⚠️ Skip: Selesaikan Layanan
2026-06-10 08:10:22,504 - INFO - ⚠️ Skip: Selesaikan Layanan
2026-06-10 08:10:26,533 - INFO - ⚠️ Skip: Konfirmasi
2026-06-10 08:10:28,535 - INFO - ⚠️ Skip: Konfirmasi
2026-06-10 08:10:30,537 - INFO - ⚠️ Skip: Konfirmasi
2026-06-10 08:10:35,539 - INFO - ✅ Selesai: NAN
2026-06-10 08:10:35,540 - INFO - 
===== HASIL =====
2026-06-10 08:10:35,541 - INFO - Total     : 28
2026-06-10 08:10:35,541 - INFO - Sukses    : 5
2026-06-10 08:10:35,541 - INFO - Gagal     : 0
2026-06-10 08:10:35,541 - INFO - Not found : 0
2026-06-10 08:10:35,541 - INFO - 
✅ Bot selesai!
2026-06-10 08:18:44,423 - INFO - URL: https://sehatindonesiaku.kemkes.go.id/profile
2026-06-10 08:18:54,255 - INFO - ✅ CKG Umum
2026-06-10 08:18:54,852 - INFO - ✅ Menu Pelayanan
2026-06-10 08:18:55,574 - INFO - ✅ Checkbox Lokasi
2026-06-10 08:18:56,702 - INFO - ✅ Tombol: Simpan
2026-06-10 08:18:57,530 - INFO - 📂 Resume dari index 27
2026-06-10 08:18:57,531 - INFO - 
===== PASIEN 28/39 =====
2026-06-10 08:18:57,532 - INFO - 👤 KARSID
2026-06-10 08:18:57,599 - INFO - ✅ Tab Belum Pemeriksaan
2026-06-10 08:18:59,626 - INFO - ✅ Mulai: KARSID
2026-06-10 08:19:01,839 - INFO - ✅ Tombol: Mulai Pemeriksaan
2026-06-10 08:19:02,079 - INFO - ✅ Simpan
2026-06-10 08:19:07,256 - INFO - ⚠️ Skip: Input: Demografi Dewasa Perempuan
2026-06-10 08:19:10,376 - INFO - ⚠️ Skip: Input: Demografi Lansia
2026-06-10 08:19:11,236 - INFO - ✅ Input: Demografi Dewasa Laki-Laki
2026-06-10 08:19:11,896 - INFO - ✅ Radio: Status Perkawinan → Menikah
2026-06-10 08:19:15,057 - INFO - ⚠️ Skip radio: Apakah Anda sedang hamil
2026-06-10 08:19:15,174 - INFO - ✅ Radio: Apakah Anda penyandang disabilitas? → Non disabilitas
2026-06-10 08:19:17,784 - INFO - ✅ Kirim
2026-06-10 08:19:19,320 - INFO - ✅ Input: Faktor Risiko Kanker Usus
2026-06-10 08:19:19,975 - INFO - ✅ Radio: kanker kolorektal → Tidak
2026-06-10 08:19:22,711 - INFO - ✅ Kirim
2026-06-10 08:19:25,713 - INFO - ⚠️ Skip: Input: Faktor Risiko Malaria
2026-06-10 08:19:41,971 - INFO - ❌ Gagal Kirim
2026-06-10 08:19:42,898 - INFO - ✅ Input: Faktor Risiko TB - Dewasa & Lansia
2026-06-10 08:19:46,157 - INFO - ✅ Kirim
2026-06-10 08:19:49,254 - INFO - ⚠️ Skip: Input: Gejala Cemas Remaja
2026-06-10 08:20:02,003 - INFO - ❌ Gagal Kirim
2026-06-10 08:20:05,128 - INFO - ⚠️ Skip: Input: Gejala Depresi Remaja
2026-06-10 08:20:17,579 - INFO - ❌ Gagal Kirim
2026-06-10 08:20:20,685 - INFO - ⚠️ Skip: Input: Kesehatan Reproduksi Putra - Anak Sekolah
2026-06-10 08:20:33,333 - INFO - ❌ Gagal Kirim
2026-06-10 08:20:36,449 - INFO - ⚠️ Skip: Input: Kesehatan Reproduksi Putri - Anak Sekolah
2026-06-10 08:20:48,877 - INFO - ❌ Gagal Kirim
2026-06-10 08:20:52,051 - INFO - ⚠️ Skip: Input: Kuesioner Tingkat Aktivitas Fisik - Tingkat Aktivitas Fisik
2026-06-10 08:21:01,556 - INFO - ❌ Gagal Kirim
2026-06-10 08:21:04,680 - INFO - ⚠️ Skip: Input: Kelayakan Tes Kebugaran
2026-06-10 08:21:20,305 - INFO - ❌ Gagal Kirim
2026-06-10 08:21:20,867 - INFO - ✅ Input: Hati
2026-06-10 08:21:24,097 - INFO - ⚠️ Skip: Input: Faktor Risiko Hepatitis SMP dan SMA
2026-06-10 08:21:27,285 - INFO - ✅ Kirim
2026-06-10 08:21:30,406 - INFO - ⚠️ Skip: Input: Kanker Leher Rahim
2026-06-10 08:21:36,639 - INFO - ❌ Gagal Kirim
2026-06-10 08:21:37,134 - INFO - ✅ Input: Kesehatan Jiwa
2026-06-10 08:21:40,552 - INFO - ✅ Kirim
2026-06-10 08:21:41,145 - INFO - ✅ Input: Penapisan Risiko Kanker Paru
2026-06-10 08:21:45,245 - INFO - ✅ Kirim
2026-06-10 08:21:45,768 - INFO - ✅ Input: Perilaku Merokok
2026-06-10 08:21:48,893 - INFO - ⚠️ Skip: Input: Perilaku Merokok - Anak Sekolah
2026-06-10 08:21:52,797 - INFO - ✅ Kirim
2026-06-10 08:21:55,941 - INFO - ⚠️ Skip: Input: Riwayat Imunisasi Tetanus(Status T) - Hanya untuk Catin
2026-06-10 08:21:59,059 - INFO - ⚠️ Dropdown gagal: sq_100i -> Tidak tahu atau tidak ingat
2026-06-10 08:22:02,173 - INFO - ❌ Gagal Kirim
2026-06-10 08:22:02,589 - INFO - ✅ Input: Tingkat Aktivitas Fisik (sedang dan berat)
2026-06-10 08:22:06,785 - INFO - ✅ Kirim
2026-06-10 08:22:09,918 - INFO - ⚠️ Skip: Input row: rowfrm000051
2026-06-10 08:22:10,352 - INFO - ✅ Input row: rowfrm000093
2026-06-10 08:22:13,467 - INFO - ⚠️ Skip: Input row: rowfrm000119
2026-06-10 08:22:17,713 - INFO - ⚠️ Dropdown gagal: sq_102i -> Gizi Baik
2026-06-10 08:22:20,317 - INFO - ✅ Kirim
2026-06-10 08:22:20,952 - INFO - ✅ Input row: rowfrm000256
2026-06-10 08:22:24,090 - INFO - ⚠️ Skip: Input row: rowfrm000197
2026-06-10 08:22:30,164 - INFO - ✅ Kirim
2026-06-10 08:22:30,611 - INFO - ✅ Input row: rowfrm000265
2026-06-10 08:22:33,767 - INFO - ⚠️ Skip: Input row: rowfrm000266
2026-06-10 08:22:43,184 - INFO - ✅ Kirim
2026-06-10 08:22:45,275 - INFO - ✅ Selesaikan Layanan
2026-06-10 08:22:47,409 - INFO - ✅ Konfirmasi
2026-06-10 08:22:50,467 - INFO - ✅ Selesai: KARSID
2026-06-10 08:22:50,469 - INFO - 
===== PASIEN 29/39 =====
2026-06-10 08:22:50,469 - INFO - 👤 DEASY RATNASARI
2026-06-10 08:22:51,052 - INFO - ✅ Tab Belum Pemeriksaan
2026-06-10 08:22:51,902 - INFO - ✅ Mulai: DEASY RATNASARI
2026-06-10 08:22:53,978 - INFO - ✅ Tombol: Mulai Pemeriksaan
2026-06-10 08:22:54,050 - INFO - ✅ Simpan
2026-06-10 08:22:56,457 - INFO - ✅ Input: Demografi Dewasa Perempuan
2026-06-10 08:22:59,579 - INFO - ⚠️ Skip: Input: Demografi Lansia
2026-06-10 08:23:02,699 - INFO - ⚠️ Skip: Input: Demografi Dewasa Laki-Laki
2026-06-10 08:23:02,773 - INFO - ✅ Radio: Status Perkawinan → Menikah
2026-06-10 08:23:02,839 - INFO - ✅ Radio: Apakah Anda sedang hamil → Tidak
2026-06-10 08:23:02,898 - INFO - ✅ Radio: Apakah Anda penyandang disabilitas? → Non disabilitas
2026-06-10 08:23:05,461 - INFO - ✅ Kirim
2026-06-10 08:23:05,925 - INFO - ✅ Input: Faktor Risiko Kanker Usus
2026-06-10 08:23:06,545 - INFO - ✅ Radio: kanker kolorektal → Tidak
2026-06-10 08:23:09,191 - INFO - ✅ Kirim
2026-06-10 08:23:12,319 - INFO - ⚠️ Skip: Input: Faktor Risiko Malaria
2026-06-10 08:23:27,903 - INFO - ❌ Gagal Kirim
2026-06-10 08:23:28,835 - INFO - ✅ Input: Faktor Risiko TB - Dewasa & Lansia
2026-06-10 08:23:32,064 - INFO - ✅ Kirim
2026-06-10 08:23:35,192 - INFO - ⚠️ Skip: Input: Gejala Cemas Remaja
2026-06-10 08:23:47,628 - INFO - ❌ Gagal Kirim
2026-06-10 08:23:50,748 - INFO - ⚠️ Skip: Input: Gejala Depresi Remaja
2026-06-10 08:24:03,194 - INFO - ❌ Gagal Kirim
2026-06-10 08:24:06,322 - INFO - ⚠️ Skip: Input: Kesehatan Reproduksi Putra - Anak Sekolah
2026-06-10 08:24:18,982 - INFO - ❌ Gagal Kirim
2026-06-10 08:24:22,134 - INFO - ⚠️ Skip: Input: Kesehatan Reproduksi Putri - Anak Sekolah
2026-06-10 08:24:34,769 - INFO - ❌ Gagal Kirim
2026-06-10 08:24:37,931 - INFO - ⚠️ Skip: Input: Kuesioner Tingkat Aktivitas Fisik - Tingkat Aktivitas Fisik
2026-06-10 08:24:47,416 - INFO - ❌ Gagal Kirim
2026-06-10 08:24:50,586 - INFO - ⚠️ Skip: Input: Kelayakan Tes Kebugaran
2026-06-10 08:25:06,423 - INFO - ❌ Gagal Kirim
2026-06-10 08:25:07,477 - INFO - ✅ Input: Hati
2026-06-10 08:25:10,843 - INFO - ⚠️ Skip: Input: Faktor Risiko Hepatitis SMP dan SMA
2026-06-10 08:25:14,569 - INFO - ✅ Kirim
2026-06-10 08:25:16,353 - INFO - ✅ Input: Kanker Leher Rahim
2026-06-10 08:25:19,787 - INFO - ✅ Kirim
2026-06-10 08:25:21,595 - INFO - ✅ Input: Kesehatan Jiwa
2026-06-10 08:25:25,426 - INFO - ✅ Kirim
2026-06-10 08:25:27,238 - INFO - ✅ Input: Penapisan Risiko Kanker Paru
2026-06-10 08:25:32,147 - INFO - ✅ Kirim
2026-06-10 08:25:33,975 - INFO - ✅ Input: Perilaku Merokok
2026-06-10 08:25:37,232 - INFO - ⚠️ Skip: Input: Perilaku Merokok - Anak Sekolah
2026-06-10 08:25:41,274 - INFO - ✅ Kirim
2026-06-10 08:25:44,289 - INFO - ⚠️ Skip: Input: Riwayat Imunisasi Tetanus(Status T) - Hanya untuk Catin
2026-06-10 08:25:47,443 - INFO - ⚠️ Dropdown gagal: sq_100i -> Tidak tahu atau tidak ingat
2026-06-10 08:25:50,615 - INFO - ❌ Gagal Kirim
2026-06-10 08:25:51,677 - INFO - ✅ Input: Tingkat Aktivitas Fisik (sedang dan berat)
2026-06-10 08:25:56,850 - INFO - ✅ Kirim
2026-06-10 08:25:58,621 - INFO - ✅ Input row: rowfrm000051
2026-06-10 08:26:01,875 - INFO - ⚠️ Skip: Input row: rowfrm000093
2026-06-10 08:26:05,026 - INFO - ⚠️ Skip: Input row: rowfrm000119
2026-06-10 08:26:09,836 - INFO - ⚠️ Dropdown gagal: sq_102i -> Gizi Baik
2026-06-10 08:26:12,452 - INFO - ✅ Kirim
2026-06-10 08:26:14,202 - INFO - ✅ Input row: rowfrm000256
2026-06-10 08:26:17,642 - INFO - ⚠️ Skip: Input row: rowfrm000197
2026-06-10 08:26:24,227 - INFO - ✅ Kirim
2026-06-10 08:26:27,123 - INFO - ✅ Input row: rowfrm000265
2026-06-10 08:26:30,416 - INFO - ⚠️ Skip: Input row: rowfrm000266
2026-06-10 08:26:40,564 - INFO - ✅ Kirim
2026-06-10 08:26:42,724 - INFO - ✅ Selesaikan Layanan
2026-06-10 08:26:44,823 - INFO - ✅ Konfirmasi
2026-06-10 08:26:48,050 - INFO - ✅ Selesai: DEASY RATNASARI
2026-06-10 08:26:48,067 - INFO - 
===== PASIEN 30/39 =====
2026-06-10 08:26:48,074 - INFO - 👤 M SOLEH
2026-06-10 08:26:48,376 - INFO - ✅ Tab Belum Pemeriksaan
2026-06-10 08:26:53,016 - INFO - ⚠️ Gagal klik Mulai
2026-06-10 08:26:53,017 - INFO - ⛔ Gagal klik Mulai
2026-06-10 08:26:55,124 - INFO - 
===== PASIEN 31/39 =====
2026-06-10 08:26:55,124 - INFO - 👤 OJAH
2026-06-10 08:26:55,207 - INFO - ✅ Tab Belum Pemeriksaan
2026-06-10 08:26:56,169 - INFO - ✅ Mulai: OJAH
2026-06-10 08:26:58,312 - INFO - ✅ Tombol: Mulai Pemeriksaan
2026-06-10 08:26:58,450 - INFO - ✅ Simpan
2026-06-10 08:27:03,612 - INFO - ⚠️ Skip: Input: Demografi Dewasa Perempuan
2026-06-10 08:27:04,533 - INFO - ✅ Input: Demografi Lansia
2026-06-10 08:27:07,808 - INFO - ⚠️ Skip: Input: Demografi Dewasa Laki-Laki
2026-06-10 08:27:07,951 - INFO - ✅ Radio: Status Perkawinan → Menikah
2026-06-10 08:27:11,135 - INFO - ⚠️ Skip radio: Apakah Anda sedang hamil
2026-06-10 08:27:11,248 - INFO - ✅ Radio: Apakah Anda penyandang disabilitas? → Non disabilitas
2026-06-10 08:27:13,872 - INFO - ✅ Kirim
2026-06-10 08:27:15,565 - INFO - ✅ Input: Faktor Risiko Kanker Usus
2026-06-10 08:27:16,808 - INFO - ✅ Radio: kanker kolorektal → Tidak
2026-06-10 08:27:19,919 - INFO - ✅ Kirim
2026-06-10 08:27:23,042 - INFO - ⚠️ Skip: Input: Faktor Risiko Malaria
2026-06-10 08:27:38,831 - INFO - ❌ Gagal Kirim
2026-06-10 08:27:39,912 - INFO - ✅ Input: Faktor Risiko TB - Dewasa & Lansia
2026-06-10 08:27:43,276 - INFO - ✅ Kirim
2026-06-10 08:27:46,800 - INFO - ⚠️ Skip: Input: Gejala Cemas Remaja
2026-06-10 08:27:59,648 - INFO - ❌ Gagal Kirim
2026-06-10 08:28:02,805 - INFO - ⚠️ Skip: Input: Gejala Depresi Remaja
2026-06-10 08:28:15,478 - INFO - ❌ Gagal Kirim
2026-06-10 08:28:18,793 - INFO - ⚠️ Skip: Input: Kesehatan Reproduksi Putra - Anak Sekolah
2026-06-10 08:28:31,416 - INFO - ❌ Gagal Kirim
2026-06-10 08:28:34,567 - INFO - ⚠️ Skip: Input: Kesehatan Reproduksi Putri - Anak Sekolah
2026-06-10 08:28:47,432 - INFO - ❌ Gagal Kirim
2026-06-10 08:28:50,588 - INFO - ⚠️ Skip: Input: Kuesioner Tingkat Aktivitas Fisik - Tingkat Aktivitas Fisik
2026-06-10 08:29:00,040 - INFO - ❌ Gagal Kirim
2026-06-10 08:29:03,199 - INFO - ⚠️ Skip: Input: Kelayakan Tes Kebugaran
2026-06-10 08:29:19,316 - INFO - ❌ Gagal Kirim
2026-06-10 08:29:20,320 - INFO - ✅ Input: Hati
2026-06-10 08:29:23,664 - INFO - ⚠️ Skip: Input: Faktor Risiko Hepatitis SMP dan SMA
2026-06-10 08:29:27,360 - INFO - ✅ Kirim
2026-06-10 08:29:29,134 - INFO - ✅ Input: Kanker Leher Rahim
2026-06-10 08:29:32,523 - INFO - ✅ Kirim
2026-06-10 08:29:34,322 - INFO - ✅ Input: Kesehatan Jiwa
2026-06-10 08:29:38,188 - INFO - ✅ Kirim
2026-06-10 08:29:40,403 - INFO - ✅ Input: Penapisan Risiko Kanker Paru
2026-06-10 08:29:46,393 - INFO - ✅ Kirim
2026-06-10 08:29:48,280 - INFO - ✅ Input: Perilaku Merokok
2026-06-10 08:29:51,608 - INFO - ⚠️ Skip: Input: Perilaku Merokok - Anak Sekolah
2026-06-10 08:29:55,632 - INFO - ✅ Kirim
2026-06-10 08:29:59,089 - INFO - ⚠️ Skip: Input: Riwayat Imunisasi Tetanus(Status T) - Hanya untuk Catin
2026-06-10 08:30:02,244 - INFO - ⚠️ Dropdown gagal: sq_100i -> Tidak tahu atau tidak ingat
2026-06-10 08:30:05,401 - INFO - ❌ Gagal Kirim
2026-06-10 08:30:06,387 - INFO - ✅ Input: Tingkat Aktivitas Fisik (sedang dan berat)
2026-06-10 08:30:11,570 - INFO - ✅ Kirim
2026-06-10 08:30:13,868 - INFO - ✅ Input row: rowfrm000051
2026-06-10 08:30:16,940 - INFO - ⚠️ Skip: Input row: rowfrm000093
2026-06-10 08:30:20,160 - INFO - ⚠️ Skip: Input row: rowfrm000119
2026-06-10 08:30:25,074 - INFO - ⚠️ Dropdown gagal: sq_102i -> Gizi Baik
2026-06-10 08:30:27,688 - INFO - ✅ Kirim
2026-06-10 08:30:29,230 - INFO - ✅ Input row: rowfrm000256
2026-06-10 08:30:32,417 - INFO - ⚠️ Skip: Input row: rowfrm000197
2026-06-10 08:30:38,960 - INFO - ✅ Kirim
2026-06-10 08:30:39,695 - INFO - ✅ Input row: rowfrm000265
2026-06-10 08:30:42,867 - INFO - ⚠️ Skip: Input row: rowfrm000266
2026-06-10 08:30:54,910 - INFO - ✅ Kirim
2026-06-10 08:30:56,974 - INFO - ✅ Selesaikan Layanan
2026-06-10 08:30:59,034 - INFO - ✅ Konfirmasi
2026-06-10 08:31:02,082 - INFO - ✅ Selesai: OJAH
2026-06-10 08:31:02,084 - INFO - 
===== PASIEN 32/39 =====
2026-06-10 08:31:02,084 - INFO - 👤 M I A
2026-06-10 08:31:02,656 - INFO - ✅ Tab Belum Pemeriksaan
2026-06-10 08:31:03,523 - INFO - ✅ Mulai: M I A
2026-06-10 08:31:05,590 - INFO - ✅ Tombol: Mulai Pemeriksaan
2026-06-10 08:31:05,658 - INFO - ✅ Simpan
2026-06-10 08:31:08,095 - INFO - ✅ Input: Demografi Dewasa Perempuan
2026-06-10 08:31:11,255 - INFO - ⚠️ Skip: Input: Demografi Lansia
2026-06-10 08:31:14,660 - INFO - ⚠️ Skip: Input: Demografi Dewasa Laki-Laki
2026-06-10 08:31:14,810 - INFO - ✅ Radio: Status Perkawinan → Menikah
2026-06-10 08:31:14,874 - INFO - ✅ Radio: Apakah Anda sedang hamil → Tidak
2026-06-10 08:31:14,936 - INFO - ✅ Radio: Apakah Anda penyandang disabilitas? → Non disabilitas
2026-06-10 08:31:17,512 - INFO - ✅ Kirim
2026-06-10 08:31:20,625 - INFO - ⚠️ Skip: Input: Faktor Risiko Kanker Usus
2026-06-10 08:31:23,739 - INFO - ⚠️ Skip radio: kanker kolorektal
2026-06-10 08:31:29,957 - INFO - ❌ Gagal Kirim
2026-06-10 08:31:33,066 - INFO - ⚠️ Skip: Input: Faktor Risiko Malaria
2026-06-10 08:31:48,965 - INFO - ❌ Gagal Kirim
2026-06-10 08:31:49,381 - INFO - ✅ Input: Faktor Risiko TB - Dewasa & Lansia
2026-06-10 08:31:52,577 - INFO - ✅ Kirim
2026-06-10 08:31:55,683 - INFO - ⚠️ Skip: Input: Gejala Cemas Remaja
2026-06-10 08:32:08,376 - INFO - ❌ Gagal Kirim
2026-06-10 08:32:11,521 - INFO - ⚠️ Skip: Input: Gejala Depresi Remaja
2026-06-10 08:32:23,950 - INFO - ❌ Gagal Kirim
2026-06-10 08:32:27,062 - INFO - ⚠️ Skip: Input: Kesehatan Reproduksi Putra - Anak Sekolah
2026-06-10 08:32:39,677 - INFO - ❌ Gagal Kirim
2026-06-10 08:32:42,783 - INFO - ⚠️ Skip: Input: Kesehatan Reproduksi Putri - Anak Sekolah
2026-06-10 08:32:55,222 - INFO - ❌ Gagal Kirim
2026-06-10 08:32:58,351 - INFO - ⚠️ Skip: Input: Kuesioner Tingkat Aktivitas Fisik - Tingkat Aktivitas Fisik
2026-06-10 08:33:07,919 - INFO - ❌ Gagal Kirim
2026-06-10 08:33:11,015 - INFO - ⚠️ Skip: Input: Kelayakan Tes Kebugaran
2026-06-10 08:33:26,607 - INFO - ❌ Gagal Kirim
2026-06-10 08:33:27,181 - INFO - ✅ Input: Hati
2026-06-10 08:33:30,337 - INFO - ⚠️ Skip: Input: Faktor Risiko Hepatitis SMP dan SMA
2026-06-10 08:33:33,495 - INFO - ✅ Kirim
2026-06-10 08:33:36,610 - INFO - ⚠️ Skip: Input: Kanker Leher Rahim
2026-06-10 08:33:42,852 - INFO - ❌ Gagal Kirim
2026-06-10 08:33:43,267 - INFO - ✅ Input: Kesehatan Jiwa
2026-06-10 08:33:46,685 - INFO - ✅ Kirim
2026-06-10 08:33:49,797 - INFO - ⚠️ Skip: Input: Penapisan Risiko Kanker Paru
2026-06-10 08:34:11,811 - INFO - ❌ Gagal Kirim
2026-06-10 08:34:12,326 - INFO - ✅ Input: Perilaku Merokok
2026-06-10 08:34:15,453 - INFO - ⚠️ Skip: Input: Perilaku Merokok - Anak Sekolah
2026-06-10 08:34:19,215 - INFO - ✅ Kirim
2026-06-10 08:34:19,773 - INFO - ✅ Input: Riwayat Imunisasi Tetanus(Status T) - Hanya untuk Catin
2026-06-10 08:34:23,233 - INFO - ✅ Kirim
2026-06-10 08:34:24,510 - INFO - ✅ Input: Tingkat Aktivitas Fisik (sedang dan berat)
2026-06-10 08:34:28,660 - INFO - ✅ Kirim
2026-06-10 08:34:29,092 - INFO - ✅ Input row: rowfrm000051
2026-06-10 08:34:32,212 - INFO - ⚠️ Skip: Input row: rowfrm000093
2026-06-10 08:34:35,319 - INFO - ⚠️ Skip: Input row: rowfrm000119
2026-06-10 08:34:39,471 - INFO - ⚠️ Dropdown gagal: sq_102i -> Gizi Baik
2026-06-10 08:34:42,033 - INFO - ✅ Kirim
2026-06-10 08:34:42,658 - INFO - ✅ Input row: rowfrm000256
2026-06-10 08:34:45,827 - INFO - ⚠️ Skip: Input row: rowfrm000197
2026-06-10 08:34:52,825 - INFO - ✅ Kirim
2026-06-10 08:34:54,792 - INFO - ✅ Input row: rowfrm000265
2026-06-10 08:34:58,185 - INFO - ⚠️ Skip: Input row: rowfrm000266
2026-06-10 08:35:08,392 - INFO - ✅ Kirim
2026-06-10 08:35:10,531 - INFO - ✅ Selesaikan Layanan
2026-06-10 08:35:12,647 - INFO - ✅ Konfirmasi
2026-06-10 08:35:15,724 - INFO - ✅ Selesai: M I A
2026-06-10 08:35:15,726 - INFO - 
===== PASIEN 33/39 =====
2026-06-10 08:35:15,727 - INFO - 👤 LAILATUL QOMARIAH
2026-06-10 08:35:16,425 - INFO - ✅ Tab Belum Pemeriksaan
2026-06-10 08:35:17,524 - INFO - ✅ Mulai: LAILATUL QOMARIAH
2026-06-10 08:35:19,659 - INFO - ✅ Tombol: Mulai Pemeriksaan
2026-06-10 08:35:19,768 - INFO - ✅ Simpan
2026-06-10 08:35:23,062 - INFO - ✅ Input: Demografi Dewasa Perempuan
2026-06-10 08:35:26,496 - INFO - ⚠️ Skip: Input: Demografi Lansia
2026-06-10 08:35:29,652 - INFO - ⚠️ Skip: Input: Demografi Dewasa Laki-Laki
2026-06-10 08:35:29,803 - INFO - ✅ Radio: Status Perkawinan → Menikah
2026-06-10 08:35:29,924 - INFO - ✅ Radio: Apakah Anda sedang hamil → Tidak
2026-06-10 08:35:30,033 - INFO - ✅ Radio: Apakah Anda penyandang disabilitas? → Non disabilitas
2026-06-10 08:35:32,659 - INFO - ✅ Kirim
2026-06-10 08:35:35,906 - INFO - ⚠️ Skip: Input: Faktor Risiko Kanker Usus
2026-06-10 08:35:39,092 - INFO - ⚠️ Skip radio: kanker kolorektal
2026-06-10 08:35:45,388 - INFO - ❌ Gagal Kirim
2026-06-10 08:35:48,511 - INFO - ⚠️ Skip: Input: Faktor Risiko Malaria
2026-06-10 08:36:04,941 - INFO - ❌ Gagal Kirim
2026-06-10 08:36:05,975 - INFO - ✅ Input: Faktor Risiko TB - Dewasa & Lansia
2026-06-10 08:36:09,387 - INFO - ✅ Kirim
2026-06-10 08:36:12,763 - INFO - ⚠️ Skip: Input: Gejala Cemas Remaja
2026-06-10 08:36:25,402 - INFO - ❌ Gagal Kirim
2026-06-10 08:36:28,742 - INFO - ⚠️ Skip: Input: Gejala Depresi Remaja
2026-06-10 08:36:41,464 - INFO - ❌ Gagal Kirim
2026-06-10 08:36:44,622 - INFO - ⚠️ Skip: Input: Kesehatan Reproduksi Putra - Anak Sekolah
2026-06-10 08:36:57,275 - INFO - ❌ Gagal Kirim
2026-06-10 08:37:00,534 - INFO - ⚠️ Skip: Input: Kesehatan Reproduksi Putri - Anak Sekolah
2026-06-10 08:37:13,351 - INFO - ❌ Gagal Kirim
2026-06-10 08:37:16,518 - INFO - ⚠️ Skip: Input: Kuesioner Tingkat Aktivitas Fisik - Tingkat Aktivitas Fisik
2026-06-10 08:37:26,008 - INFO - ❌ Gagal Kirim
2026-06-10 08:37:29,215 - INFO - ⚠️ Skip: Input: Kelayakan Tes Kebugaran
2026-06-10 08:37:45,209 - INFO - ❌ Gagal Kirim
2026-06-10 08:37:46,221 - INFO - ✅ Input: Hati
2026-06-10 08:37:49,653 - INFO - ⚠️ Skip: Input: Faktor Risiko Hepatitis SMP dan SMA
2026-06-10 08:37:53,440 - INFO - ✅ Kirim
2026-06-10 08:37:55,095 - INFO - ✅ Input: Kanker Leher Rahim
2026-06-10 08:37:58,431 - INFO - ✅ Kirim
2026-06-10 08:38:00,149 - INFO - ✅ Input: Kesehatan Jiwa
2026-06-10 08:38:03,849 - INFO - ✅ Kirim
2026-06-10 08:38:07,240 - INFO - ⚠️ Skip: Input: Penapisan Risiko Kanker Paru
2026-06-10 08:38:29,543 - INFO - ❌ Gagal Kirim
2026-06-10 08:38:30,655 - INFO - ✅ Input: Perilaku Merokok
2026-06-10 08:38:33,930 - INFO - ⚠️ Skip: Input: Perilaku Merokok - Anak Sekolah
2026-06-10 08:38:37,995 - INFO - ✅ Kirim
2026-06-10 08:38:39,795 - INFO - ✅ Input: Riwayat Imunisasi Tetanus(Status T) - Hanya untuk Catin
2026-06-10 08:38:43,413 - INFO - ✅ Kirim
2026-06-10 08:38:45,340 - INFO - ✅ Input: Tingkat Aktivitas Fisik (sedang dan berat)
2026-06-10 08:38:53,112 - INFO - ✅ Kirim
2026-06-10 08:38:55,031 - INFO - ✅ Input row: rowfrm000051
2026-06-10 08:38:58,381 - INFO - ⚠️ Skip: Input row: rowfrm000093
2026-06-10 08:39:01,541 - INFO - ⚠️ Skip: Input row: rowfrm000119
2026-06-10 08:39:06,435 - INFO - ⚠️ Dropdown gagal: sq_102i -> Gizi Baik
2026-06-10 08:39:09,052 - INFO - ✅ Kirim
2026-06-10 08:39:12,553 - INFO - ✅ Input row: rowfrm000256
2026-06-10 08:39:15,860 - INFO - ⚠️ Skip: Input row: rowfrm000197
2026-06-10 08:39:22,887 - INFO - ✅ Kirim
2026-06-10 08:39:25,057 - INFO - ✅ Input row: rowfrm000265
2026-06-10 08:39:28,096 - INFO - ⚠️ Skip: Input row: rowfrm000266
2026-06-10 08:39:38,368 - INFO - ✅ Kirim
2026-06-10 08:39:40,529 - INFO - ✅ Selesaikan Layanan
2026-06-10 08:39:42,647 - INFO - ✅ Konfirmasi
2026-06-10 08:39:45,722 - INFO - ✅ Selesai: LAILATUL QOMARIAH
2026-06-10 08:39:45,725 - INFO - 
===== PASIEN 34/39 =====
2026-06-10 08:39:45,725 - INFO - 👤 YOSANA
2026-06-10 08:39:46,386 - INFO - ✅ Tab Belum Pemeriksaan
2026-06-10 08:39:47,502 - INFO - ✅ Mulai: YOSANA
2026-06-10 08:39:49,665 - INFO - ✅ Tombol: Mulai Pemeriksaan
2026-06-10 08:39:49,777 - INFO - ✅ Simpan
2026-06-10 08:39:52,713 - INFO - ✅ Input: Demografi Dewasa Perempuan
2026-06-10 08:39:56,073 - INFO - ⚠️ Skip: Input: Demografi Lansia
2026-06-10 08:39:59,491 - INFO - ⚠️ Skip: Input: Demografi Dewasa Laki-Laki
2026-06-10 08:39:59,873 - INFO - ✅ Radio: Status Perkawinan → Menikah
2026-06-10 08:40:00,076 - INFO - ✅ Radio: Apakah Anda sedang hamil → Tidak
2026-06-10 08:40:00,412 - INFO - ✅ Radio: Apakah Anda penyandang disabilitas? → Non disabilitas
2026-06-10 08:40:03,168 - INFO - ✅ Kirim
2026-06-10 08:40:04,959 - INFO - ✅ Input: Faktor Risiko Kanker Usus
2026-06-10 08:40:05,776 - INFO - ✅ Radio: kanker kolorektal → Tidak
2026-06-10 08:40:08,558 - INFO - ✅ Kirim
2026-06-10 08:40:12,064 - INFO - ⚠️ Skip: Input: Faktor Risiko Malaria
2026-06-10 08:40:27,905 - INFO - ❌ Gagal Kirim
2026-06-10 08:40:29,094 - INFO - ✅ Input: Faktor Risiko TB - Dewasa & Lansia
2026-06-10 08:40:32,757 - INFO - ✅ Kirim
2026-06-10 08:40:35,966 - INFO - ⚠️ Skip: Input: Gejala Cemas Remaja
2026-06-10 08:40:48,663 - INFO - ❌ Gagal Kirim
2026-06-10 08:40:51,820 - INFO - ⚠️ Skip: Input: Gejala Depresi Remaja
2026-06-10 08:41:04,699 - INFO - ❌ Gagal Kirim
2026-06-10 08:41:07,964 - INFO - ⚠️ Skip: Input: Kesehatan Reproduksi Putra - Anak Sekolah
2026-06-10 08:41:20,616 - INFO - ❌ Gagal Kirim
2026-06-10 08:41:23,773 - INFO - ⚠️ Skip: Input: Kesehatan Reproduksi Putri - Anak Sekolah
2026-06-10 08:41:36,798 - INFO - ❌ Gagal Kirim
2026-06-10 08:41:40,011 - INFO - ⚠️ Skip: Input: Kuesioner Tingkat Aktivitas Fisik - Tingkat Aktivitas Fisik
2026-06-10 08:41:49,413 - INFO - ❌ Gagal Kirim
2026-06-10 08:41:52,563 - INFO - ⚠️ Skip: Input: Kelayakan Tes Kebugaran
2026-06-10 08:42:08,729 - INFO - ❌ Gagal Kirim
2026-06-10 08:42:09,745 - INFO - ✅ Input: Hati
2026-06-10 08:42:13,111 - INFO - ⚠️ Skip: Input: Faktor Risiko Hepatitis SMP dan SMA
2026-06-10 08:42:16,576 - INFO - ✅ Kirim
2026-06-10 08:42:17,997 - INFO - ✅ Input: Kanker Leher Rahim
2026-06-10 08:42:21,252 - INFO - ✅ Kirim
2026-06-10 08:42:22,879 - INFO - ✅ Input: Kesehatan Jiwa
2026-06-10 08:42:26,446 - INFO - ✅ Kirim
2026-06-10 08:42:27,879 - INFO - ✅ Input: Penapisan Risiko Kanker Paru
2026-06-10 08:42:32,180 - INFO - ✅ Kirim
2026-06-10 08:42:33,652 - INFO - ✅ Input: Perilaku Merokok
2026-06-10 08:42:36,911 - INFO - ⚠️ Skip: Input: Perilaku Merokok - Anak Sekolah
2026-06-10 08:42:41,809 - INFO - ✅ Kirim
2026-06-10 08:42:45,011 - INFO - ⚠️ Skip: Input: Riwayat Imunisasi Tetanus(Status T) - Hanya untuk Catin
2026-06-10 08:42:48,138 - INFO - ⚠️ Dropdown gagal: sq_100i -> Tidak tahu atau tidak ingat
2026-06-10 08:42:51,271 - INFO - ❌ Gagal Kirim
2026-06-10 08:42:52,290 - INFO - ✅ Input: Tingkat Aktivitas Fisik (sedang dan berat)
2026-06-10 08:42:57,084 - INFO - ✅ Kirim
2026-06-10 08:42:58,472 - INFO - ✅ Input row: rowfrm000051
2026-06-10 08:43:01,623 - INFO - ⚠️ Skip: Input row: rowfrm000093
2026-06-10 08:43:04,735 - INFO - ⚠️ Skip: Input row: rowfrm000119
2026-06-10 08:43:09,268 - INFO - ⚠️ Dropdown gagal: sq_102i -> Gizi Baik
2026-06-10 08:43:11,864 - INFO - ✅ Kirim
2026-06-10 08:43:14,247 - INFO - ✅ Input row: rowfrm000256
2026-06-10 08:43:17,634 - INFO - ⚠️ Skip: Input row: rowfrm000197
2026-06-10 08:43:24,130 - INFO - ✅ Kirim
2026-06-10 08:43:25,676 - INFO - ✅ Input row: rowfrm000265
2026-06-10 08:43:28,816 - INFO - ⚠️ Skip: Input row: rowfrm000266
2026-06-10 08:43:38,742 - INFO - ✅ Kirim
2026-06-10 08:43:40,876 - INFO - ✅ Selesaikan Layanan
2026-06-10 08:43:42,968 - INFO - ✅ Konfirmasi
2026-06-10 08:43:46,174 - INFO - ✅ Selesai: YOSANA
2026-06-10 08:43:46,183 - INFO - 
===== PASIEN 35/39 =====
2026-06-10 08:43:46,189 - INFO - 👤 ADE
2026-06-10 08:43:46,705 - INFO - ✅ Tab Belum Pemeriksaan
2026-06-10 08:43:48,594 - INFO - ✅ Mulai: ADE
2026-06-10 08:43:50,938 - INFO - ✅ Tombol: Mulai Pemeriksaan
2026-06-10 08:43:51,306 - INFO - ✅ Simpan
2026-06-10 08:43:56,445 - INFO - ⚠️ Skip: Input: Demografi Dewasa Perempuan
2026-06-10 08:43:59,572 - INFO - ⚠️ Skip: Input: Demografi Lansia
2026-06-10 08:44:00,547 - INFO - ✅ Input: Demografi Dewasa Laki-Laki
2026-06-10 08:44:01,339 - INFO - ✅ Radio: Status Perkawinan → Menikah
2026-06-10 08:44:04,483 - INFO - ⚠️ Skip radio: Apakah Anda sedang hamil
2026-06-10 08:44:04,564 - INFO - ✅ Radio: Apakah Anda penyandang disabilitas? → Non disabilitas
2026-06-10 08:44:07,165 - INFO - ✅ Kirim
2026-06-10 08:44:09,037 - INFO - ✅ Input: Faktor Risiko Kanker Usus
2026-06-10 08:44:09,734 - INFO - ✅ Radio: kanker kolorektal → Tidak
2026-06-10 08:44:12,452 - INFO - ✅ Kirim
2026-06-10 08:44:15,897 - INFO - ⚠️ Skip: Input: Faktor Risiko Malaria
2026-06-10 08:44:31,700 - INFO - ❌ Gagal Kirim
2026-06-10 08:44:32,648 - INFO - ✅ Input: Faktor Risiko TB - Dewasa & Lansia
2026-06-10 08:44:36,137 - INFO - ✅ Kirim
2026-06-10 08:44:39,228 - INFO - ⚠️ Skip: Input: Gejala Cemas Remaja
2026-06-10 08:44:51,724 - INFO - ❌ Gagal Kirim
2026-06-10 08:44:55,225 - INFO - ⚠️ Skip: Input: Gejala Depresi Remaja
2026-06-10 08:45:08,068 - INFO - ❌ Gagal Kirim
2026-06-10 08:45:11,187 - INFO - ⚠️ Skip: Input: Kesehatan Reproduksi Putra - Anak Sekolah
2026-06-10 08:45:23,673 - INFO - ❌ Gagal Kirim
2026-06-10 08:45:27,112 - INFO - ⚠️ Skip: Input: Kesehatan Reproduksi Putri - Anak Sekolah
2026-06-10 08:45:39,757 - INFO - ❌ Gagal Kirim
2026-06-10 08:45:42,882 - INFO - ⚠️ Skip: Input: Kuesioner Tingkat Aktivitas Fisik - Tingkat Aktivitas Fisik
2026-06-10 08:45:52,255 - INFO - ❌ Gagal Kirim
2026-06-10 08:45:55,471 - INFO - ⚠️ Skip: Input: Kelayakan Tes Kebugaran
2026-06-10 08:46:11,272 - INFO - ❌ Gagal Kirim
2026-06-10 08:46:12,262 - INFO - ✅ Input: Hati
2026-06-10 08:46:15,620 - INFO - ⚠️ Skip: Input: Faktor Risiko Hepatitis SMP dan SMA
2026-06-10 08:46:19,358 - INFO - ✅ Kirim
2026-06-10 08:46:22,760 - INFO - ⚠️ Skip: Input: Kanker Leher Rahim
2026-06-10 08:46:29,416 - INFO - ❌ Gagal Kirim
2026-06-10 08:46:30,818 - INFO - ✅ Input: Kesehatan Jiwa
2026-06-10 08:46:35,590 - INFO - ✅ Kirim
2026-06-10 08:46:37,496 - INFO - ✅ Input: Penapisan Risiko Kanker Paru
2026-06-10 08:46:42,257 - INFO - ✅ Kirim
2026-06-10 08:46:44,027 - INFO - ✅ Input: Perilaku Merokok
2026-06-10 08:46:47,274 - INFO - ⚠️ Skip: Input: Perilaku Merokok - Anak Sekolah
2026-06-10 08:46:51,308 - INFO - ✅ Kirim
2026-06-10 08:46:54,745 - INFO - ⚠️ Skip: Input: Riwayat Imunisasi Tetanus(Status T) - Hanya untuk Catin
2026-06-10 08:46:57,896 - INFO - ⚠️ Dropdown gagal: sq_100i -> Tidak tahu atau tidak ingat
2026-06-10 08:47:01,063 - INFO - ❌ Gagal Kirim
2026-06-10 08:47:02,237 - INFO - ✅ Input: Tingkat Aktivitas Fisik (sedang dan berat)
2026-06-10 08:47:11,328 - INFO - ✅ Kirim
2026-06-10 08:47:14,709 - INFO - ⚠️ Skip: Input row: rowfrm000051
2026-06-10 08:47:15,655 - INFO - ✅ Input row: rowfrm000093
2026-06-10 08:47:18,964 - INFO - ⚠️ Skip: Input row: rowfrm000119
2026-06-10 08:47:23,851 - INFO - ⚠️ Dropdown gagal: sq_102i -> Gizi Baik
2026-06-10 08:47:26,470 - INFO - ✅ Kirim
2026-06-10 08:47:28,366 - INFO - ✅ Input row: rowfrm000256
2026-06-10 08:47:31,674 - INFO - ⚠️ Skip: Input row: rowfrm000197
2026-06-10 08:47:38,306 - INFO - ✅ Kirim
2026-06-10 08:47:41,059 - INFO - ✅ Input row: rowfrm000265
2026-06-10 08:47:44,338 - INFO - ⚠️ Skip: Input row: rowfrm000266
2026-06-10 08:47:55,467 - INFO - ✅ Kirim
2026-06-10 08:47:57,620 - INFO - ✅ Selesaikan Layanan
2026-06-10 08:47:59,738 - INFO - ✅ Konfirmasi
2026-06-10 08:48:02,817 - INFO - ✅ Selesai: ADE
2026-06-10 08:48:02,820 - INFO - 
===== PASIEN 36/39 =====
2026-06-10 08:48:02,820 - INFO - 👤 RUDI NUGRAHA
2026-06-10 08:48:03,479 - INFO - ✅ Tab Belum Pemeriksaan
2026-06-10 08:48:04,588 - INFO - ✅ Mulai: RUDI NUGRAHA
2026-06-10 08:48:06,743 - INFO - ✅ Tombol: Mulai Pemeriksaan
2026-06-10 08:48:06,854 - INFO - ✅ Simpan
2026-06-10 08:48:12,042 - INFO - ⚠️ Skip: Input: Demografi Dewasa Perempuan
2026-06-10 08:48:15,101 - INFO - ⚠️ Skip: Input: Demografi Lansia
2026-06-10 08:48:16,714 - INFO - ✅ Input: Demografi Dewasa Laki-Laki
2026-06-10 08:48:17,935 - INFO - ✅ Radio: Status Perkawinan → Menikah
2026-06-10 08:48:21,230 - INFO - ⚠️ Skip radio: Apakah Anda sedang hamil
2026-06-10 08:48:21,336 - INFO - ✅ Radio: Apakah Anda penyandang disabilitas? → Non disabilitas
2026-06-10 08:48:23,961 - INFO - ✅ Kirim
2026-06-10 08:48:27,426 - INFO - ⚠️ Skip: Input: Faktor Risiko Kanker Usus
2026-06-10 08:48:30,633 - INFO - ⚠️ Skip radio: kanker kolorektal
2026-06-10 08:48:36,964 - INFO - ❌ Gagal Kirim
2026-06-10 08:48:40,133 - INFO - ⚠️ Skip: Input: Faktor Risiko Malaria
2026-06-10 08:48:56,747 - INFO - ❌ Gagal Kirim
2026-06-10 08:48:57,719 - INFO - ✅ Input: Faktor Risiko TB - Dewasa & Lansia
2026-06-10 08:49:01,150 - INFO - ✅ Kirim
2026-06-10 08:49:04,501 - INFO - ⚠️ Skip: Input: Gejala Cemas Remaja
2026-06-10 08:49:17,348 - INFO - ❌ Gagal Kirim
2026-06-10 08:49:20,872 - INFO - ⚠️ Skip: Input: Gejala Depresi Remaja
2026-06-10 08:49:33,671 - INFO - ❌ Gagal Kirim
2026-06-10 08:49:36,826 - INFO - ⚠️ Skip: Input: Kesehatan Reproduksi Putra - Anak Sekolah
2026-06-10 08:49:49,411 - INFO - ❌ Gagal Kirim
2026-06-10 08:49:52,962 - INFO - ⚠️ Skip: Input: Kesehatan Reproduksi Putri - Anak Sekolah
2026-06-10 08:50:05,667 - INFO - ❌ Gagal Kirim
2026-06-10 08:50:08,785 - INFO - ⚠️ Skip: Input: Kuesioner Tingkat Aktivitas Fisik - Tingkat Aktivitas Fisik
2026-06-10 08:50:18,135 - INFO - ❌ Gagal Kirim
2026-06-10 08:50:21,343 - INFO - ⚠️ Skip: Input: Kelayakan Tes Kebugaran
2026-06-10 08:50:37,393 - INFO - ❌ Gagal Kirim
2026-06-10 08:50:38,370 - INFO - ✅ Input: Hati
2026-06-10 08:50:41,706 - INFO - ⚠️ Skip: Input: Faktor Risiko Hepatitis SMP dan SMA
2026-06-10 08:50:45,233 - INFO - ✅ Kirim
2026-06-10 08:50:48,499 - INFO - ⚠️ Skip: Input: Kanker Leher Rahim
2026-06-10 08:50:54,731 - INFO - ❌ Gagal Kirim
2026-06-10 08:50:55,817 - INFO - ✅ Input: Kesehatan Jiwa
2026-06-10 08:51:00,214 - INFO - ✅ Kirim
2026-06-10 08:51:03,500 - INFO - ⚠️ Skip: Input: Penapisan Risiko Kanker Paru
2026-06-10 08:51:25,424 - INFO - ❌ Gagal Kirim
2026-06-10 08:51:26,361 - INFO - ✅ Input: Perilaku Merokok
2026-06-10 08:51:29,603 - INFO - ⚠️ Skip: Input: Perilaku Merokok - Anak Sekolah
2026-06-10 08:51:33,570 - INFO - ✅ Kirim
2026-06-10 08:51:36,816 - INFO - ⚠️ Skip: Input: Riwayat Imunisasi Tetanus(Status T) - Hanya untuk Catin
2026-06-10 08:51:40,265 - INFO - ⚠️ Dropdown gagal: sq_100i -> Tidak tahu atau tidak ingat
2026-06-10 08:51:43,402 - INFO - ❌ Gagal Kirim
2026-06-10 08:51:44,388 - INFO - ✅ Input: Tingkat Aktivitas Fisik (sedang dan berat)
2026-06-10 08:51:49,186 - INFO - ✅ Kirim
2026-06-10 08:51:52,539 - INFO - ⚠️ Skip: Input row: rowfrm000051
2026-06-10 08:51:53,575 - INFO - ✅ Input row: rowfrm000093
2026-06-10 08:51:56,840 - INFO - ⚠️ Skip: Input row: rowfrm000119
2026-06-10 08:52:01,396 - INFO - ⚠️ Dropdown gagal: sq_102i -> Gizi Baik
2026-06-10 08:52:03,987 - INFO - ✅ Kirim
2026-06-10 08:52:06,121 - INFO - ✅ Input row: rowfrm000256
2026-06-10 08:52:09,263 - INFO - ⚠️ Skip: Input row: rowfrm000197
2026-06-10 08:52:17,374 - INFO - ✅ Kirim
2026-06-10 08:52:18,922 - INFO - ✅ Input row: rowfrm000265
2026-06-10 08:52:22,061 - INFO - ⚠️ Skip: Input row: rowfrm000266
2026-06-10 08:52:31,970 - INFO - ✅ Kirim
2026-06-10 08:52:34,089 - INFO - ✅ Selesaikan Layanan
2026-06-10 08:52:36,179 - INFO - ✅ Konfirmasi
2026-06-10 08:52:39,235 - INFO - ✅ Selesai: RUDI NUGRAHA
2026-06-10 08:52:39,236 - INFO - 
===== PASIEN 37/39 =====
2026-06-10 08:52:39,236 - INFO - 👤 EKA JULAEKA
2026-06-10 08:52:39,852 - INFO - ✅ Tab Belum Pemeriksaan
2026-06-10 08:52:40,823 - INFO - ✅ Mulai: EKA JULAEKA
2026-06-10 08:52:43,298 - INFO - ✅ Tombol: Mulai Pemeriksaan
2026-06-10 08:52:43,786 - INFO - ✅ Simpan
2026-06-10 08:52:47,092 - INFO - ✅ Input: Demografi Dewasa Perempuan
2026-06-10 08:52:50,269 - INFO - ⚠️ Skip: Input: Demografi Lansia
2026-06-10 08:52:53,380 - INFO - ⚠️ Skip: Input: Demografi Dewasa Laki-Laki
2026-06-10 08:52:53,519 - INFO - ✅ Radio: Status Perkawinan → Menikah
2026-06-10 08:52:53,618 - INFO - ✅ Radio: Apakah Anda sedang hamil → Tidak
2026-06-10 08:52:53,721 - INFO - ✅ Radio: Apakah Anda penyandang disabilitas? → Non disabilitas
2026-06-10 08:52:56,333 - INFO - ✅ Kirim
2026-06-10 08:52:59,714 - INFO - ⚠️ Skip: Input: Faktor Risiko Kanker Usus
2026-06-10 08:53:02,870 - INFO - ⚠️ Skip radio: kanker kolorektal
2026-06-10 08:53:09,122 - INFO - ❌ Gagal Kirim
2026-06-10 08:53:12,229 - INFO - ⚠️ Skip: Input: Faktor Risiko Malaria
2026-06-10 08:53:28,259 - INFO - ❌ Gagal Kirim
2026-06-10 08:53:29,300 - INFO - ✅ Input: Faktor Risiko TB - Dewasa & Lansia
2026-06-10 08:53:32,670 - INFO - ✅ Kirim
2026-06-10 08:53:35,954 - INFO - ⚠️ Skip: Input: Gejala Cemas Remaja
2026-06-10 08:53:48,716 - INFO - ❌ Gagal Kirim
2026-06-10 08:53:52,021 - INFO - ⚠️ Skip: Input: Gejala Depresi Remaja
2026-06-10 08:54:04,759 - INFO - ❌ Gagal Kirim
2026-06-10 08:54:07,930 - INFO - ⚠️ Skip: Input: Kesehatan Reproduksi Putra - Anak Sekolah
2026-06-10 08:54:20,857 - INFO - ❌ Gagal Kirim
2026-06-10 08:54:24,338 - INFO - ⚠️ Skip: Input: Kesehatan Reproduksi Putri - Anak Sekolah
2026-06-10 08:54:37,001 - INFO - ❌ Gagal Kirim
2026-06-10 08:54:40,162 - INFO - ⚠️ Skip: Input: Kuesioner Tingkat Aktivitas Fisik - Tingkat Aktivitas Fisik
2026-06-10 08:54:49,688 - INFO - ❌ Gagal Kirim
2026-06-10 08:54:53,241 - INFO - ⚠️ Skip: Input: Kelayakan Tes Kebugaran
2026-06-10 08:55:09,146 - INFO - ❌ Gagal Kirim
2026-06-10 08:55:10,168 - INFO - ✅ Input: Hati
2026-06-10 08:55:13,584 - INFO - ⚠️ Skip: Input: Faktor Risiko Hepatitis SMP dan SMA
2026-06-10 08:55:17,284 - INFO - ✅ Kirim
2026-06-10 08:55:18,873 - INFO - ✅ Input: Kanker Leher Rahim
2026-06-10 08:55:22,156 - INFO - ✅ Kirim
2026-06-10 08:55:24,572 - INFO - ✅ Input: Kesehatan Jiwa
2026-06-10 08:55:29,268 - INFO - ✅ Kirim
2026-06-10 08:55:32,791 - INFO - ⚠️ Skip: Input: Penapisan Risiko Kanker Paru
2026-06-10 08:55:54,961 - INFO - ❌ Gagal Kirim
2026-06-10 08:55:56,834 - INFO - ✅ Input: Perilaku Merokok
2026-06-10 08:56:00,057 - INFO - ⚠️ Skip: Input: Perilaku Merokok - Anak Sekolah
2026-06-10 08:56:05,159 - INFO - ✅ Kirim
2026-06-10 08:56:08,612 - INFO - ⚠️ Skip: Input: Riwayat Imunisasi Tetanus(Status T) - Hanya untuk Catin
2026-06-10 08:56:11,770 - INFO - ⚠️ Dropdown gagal: sq_100i -> Tidak tahu atau tidak ingat
2026-06-10 08:56:14,929 - INFO - ❌ Gagal Kirim
2026-06-10 08:56:15,967 - INFO - ✅ Input: Tingkat Aktivitas Fisik (sedang dan berat)
2026-06-10 08:56:21,051 - INFO - ✅ Kirim
2026-06-10 08:56:22,793 - INFO - ✅ Input row: rowfrm000051
2026-06-10 08:56:25,975 - INFO - ⚠️ Skip: Input row: rowfrm000093
2026-06-10 08:56:29,140 - INFO - ⚠️ Skip: Input row: rowfrm000119
2026-06-10 08:56:36,890 - INFO - ⚠️ Dropdown gagal: sq_102i -> Gizi Baik
2026-06-10 08:56:39,523 - INFO - ✅ Kirim
2026-06-10 08:56:41,142 - INFO - ✅ Input row: rowfrm000256
2026-06-10 08:56:44,414 - INFO - ⚠️ Skip: Input row: rowfrm000197
2026-06-10 08:56:51,001 - INFO - ✅ Kirim
2026-06-10 08:56:52,946 - INFO - ✅ Input row: rowfrm000265
2026-06-10 08:56:56,125 - INFO - ⚠️ Skip: Input row: rowfrm000266
2026-06-10 08:57:06,647 - INFO - ✅ Kirim
2026-06-10 08:57:09,283 - INFO - ✅ Selesaikan Layanan
2026-06-10 08:57:11,400 - INFO - ✅ Konfirmasi
2026-06-10 08:57:14,499 - INFO - ✅ Selesai: EKA JULAEKA
2026-06-10 08:57:14,501 - INFO - 
===== PASIEN 38/39 =====
2026-06-10 08:57:14,501 - INFO - 👤 MARIO FITRIYADI
2026-06-10 08:57:15,163 - INFO - ✅ Tab Belum Pemeriksaan
2026-06-10 08:57:16,295 - INFO - ✅ Mulai: MARIO FITRIYADI
2026-06-10 08:57:18,471 - INFO - ✅ Tombol: Mulai Pemeriksaan
2026-06-10 08:57:18,583 - INFO - ✅ Simpan
2026-06-10 08:57:23,760 - INFO - ⚠️ Skip: Input: Demografi Dewasa Perempuan
2026-06-10 08:57:26,925 - INFO - ⚠️ Skip: Input: Demografi Lansia
2026-06-10 08:57:27,945 - INFO - ✅ Input: Demografi Dewasa Laki-Laki
2026-06-10 08:57:28,742 - INFO - ✅ Radio: Status Perkawinan → Menikah
2026-06-10 08:57:31,924 - INFO - ⚠️ Skip radio: Apakah Anda sedang hamil
2026-06-10 08:57:32,042 - INFO - ✅ Radio: Apakah Anda penyandang disabilitas? → Non disabilitas
2026-06-10 08:57:34,658 - INFO - ✅ Kirim
2026-06-10 08:57:37,986 - INFO - ⚠️ Skip: Input: Faktor Risiko Kanker Usus
2026-06-10 08:57:41,327 - INFO - ⚠️ Skip radio: kanker kolorektal
2026-06-10 08:57:47,791 - INFO - ❌ Gagal Kirim
2026-06-10 08:57:50,958 - INFO - ⚠️ Skip: Input: Faktor Risiko Malaria
2026-06-10 08:58:06,782 - INFO - ❌ Gagal Kirim
2026-06-10 08:58:07,794 - INFO - ✅ Input: Faktor Risiko TB - Dewasa & Lansia
2026-06-10 08:58:11,189 - INFO - ✅ Kirim
2026-06-10 08:58:14,225 - INFO - ⚠️ Skip: Input: Gejala Cemas Remaja
2026-06-10 08:58:26,974 - INFO - ❌ Gagal Kirim
2026-06-10 08:58:30,135 - INFO - ⚠️ Skip: Input: Gejala Depresi Remaja
2026-06-10 08:58:42,935 - INFO - ❌ Gagal Kirim
2026-06-10 08:58:46,245 - INFO - ⚠️ Skip: Input: Kesehatan Reproduksi Putra - Anak Sekolah
2026-06-10 08:58:58,910 - INFO - ❌ Gagal Kirim
2026-06-10 08:59:02,073 - INFO - ⚠️ Skip: Input: Kesehatan Reproduksi Putri - Anak Sekolah
2026-06-10 08:59:14,796 - INFO - ❌ Gagal Kirim
2026-06-10 08:59:18,101 - INFO - ⚠️ Skip: Input: Kuesioner Tingkat Aktivitas Fisik - Tingkat Aktivitas Fisik
2026-06-10 08:59:27,620 - INFO - ❌ Gagal Kirim
2026-06-10 08:59:30,794 - INFO - ⚠️ Skip: Input: Kelayakan Tes Kebugaran
2026-06-10 08:59:46,802 - INFO - ❌ Gagal Kirim
2026-06-10 08:59:48,288 - INFO - ✅ Input: Hati
2026-06-10 08:59:51,761 - INFO - ⚠️ Skip: Input: Faktor Risiko Hepatitis SMP dan SMA
2026-06-10 08:59:55,468 - INFO - ✅ Kirim
2026-06-10 08:59:58,925 - INFO - ⚠️ Skip: Input: Kanker Leher Rahim
2026-06-10 09:00:05,252 - INFO - ❌ Gagal Kirim
2026-06-10 09:00:06,313 - INFO - ✅ Input: Kesehatan Jiwa
2026-06-10 09:00:10,137 - INFO - ✅ Kirim
2026-06-10 09:00:13,497 - INFO - ⚠️ Skip: Input: Penapisan Risiko Kanker Paru
2026-06-10 09:00:35,979 - INFO - ❌ Gagal Kirim
2026-06-10 09:00:36,866 - INFO - ✅ Input: Perilaku Merokok
2026-06-10 09:00:40,156 - INFO - ⚠️ Skip: Input: Perilaku Merokok - Anak Sekolah
2026-06-10 09:00:44,079 - INFO - ✅ Kirim
2026-06-10 09:00:47,192 - INFO - ⚠️ Skip: Input: Riwayat Imunisasi Tetanus(Status T) - Hanya untuk Catin
2026-06-10 09:00:50,381 - INFO - ⚠️ Dropdown gagal: sq_100i -> Tidak tahu atau tidak ingat
2026-06-10 09:00:53,576 - INFO - ❌ Gagal Kirim
2026-06-10 09:00:54,152 - INFO - ✅ Input: Tingkat Aktivitas Fisik (sedang dan berat)
2026-06-10 09:00:58,468 - INFO - ✅ Kirim
2026-06-10 09:01:01,574 - INFO - ⚠️ Skip: Input row: rowfrm000051
2026-06-10 09:01:02,028 - INFO - ✅ Input row: rowfrm000093
2026-06-10 09:01:05,150 - INFO - ⚠️ Skip: Input row: rowfrm000119
2026-06-10 09:01:09,147 - INFO - ⚠️ Dropdown gagal: sq_102i -> Gizi Baik
2026-06-10 09:01:11,710 - INFO - ✅ Kirim
2026-06-10 09:01:12,320 - INFO - ✅ Input row: rowfrm000256
2026-06-10 09:01:15,442 - INFO - ⚠️ Skip: Input row: rowfrm000197
2026-06-10 09:01:21,512 - INFO - ✅ Kirim
2026-06-10 09:01:22,702 - INFO - ✅ Input row: rowfrm000265
2026-06-10 09:01:25,983 - INFO - ⚠️ Skip: Input row: rowfrm000266
2026-06-10 09:01:35,510 - INFO - ✅ Kirim
2026-06-10 09:01:37,607 - INFO - ✅ Selesaikan Layanan
2026-06-10 09:01:39,696 - INFO - ✅ Konfirmasi
2026-06-10 09:01:42,760 - INFO - ✅ Selesai: MARIO FITRIYADI
2026-06-10 09:01:42,763 - INFO - 
===== PASIEN 39/39 =====
2026-06-10 09:01:42,763 - INFO - 👤 RINI
2026-06-10 09:01:43,363 - INFO - ✅ Tab Belum Pemeriksaan
2026-06-10 09:01:44,235 - INFO - ✅ Mulai: RINI
2026-06-10 09:01:46,346 - INFO - ✅ Tombol: Mulai Pemeriksaan
2026-06-10 09:01:46,418 - INFO - ✅ Simpan
2026-06-10 09:01:48,945 - INFO - ✅ Input: Demografi Dewasa Perempuan
2026-06-10 09:01:52,082 - INFO - ⚠️ Skip: Input: Demografi Lansia
2026-06-10 09:01:55,317 - INFO - ⚠️ Skip: Input: Demografi Dewasa Laki-Laki
2026-06-10 09:01:55,580 - INFO - ✅ Radio: Status Perkawinan → Menikah
2026-06-10 09:01:55,845 - INFO - ✅ Radio: Apakah Anda sedang hamil → Tidak
2026-06-10 09:01:56,067 - INFO - ✅ Radio: Apakah Anda penyandang disabilitas? → Non disabilitas
2026-06-10 09:01:58,829 - INFO - ✅ Kirim
2026-06-10 09:02:01,965 - INFO - ⚠️ Skip: Input: Faktor Risiko Kanker Usus
2026-06-10 09:02:05,109 - INFO - ⚠️ Skip radio: kanker kolorektal
2026-06-10 09:02:11,352 - INFO - ❌ Gagal Kirim
2026-06-10 09:02:14,468 - INFO - ⚠️ Skip: Input: Faktor Risiko Malaria
2026-06-10 09:02:30,445 - INFO - ❌ Gagal Kirim
2026-06-10 09:02:31,103 - INFO - ✅ Input: Faktor Risiko TB - Dewasa & Lansia
2026-06-10 09:02:34,280 - INFO - ✅ Kirim
2026-06-10 09:02:37,490 - INFO - ⚠️ Skip: Input: Gejala Cemas Remaja
2026-06-10 09:02:50,331 - INFO - ❌ Gagal Kirim
2026-06-10 09:02:53,560 - INFO - ⚠️ Skip: Input: Gejala Depresi Remaja
2026-06-10 09:03:06,771 - INFO - ❌ Gagal Kirim
2026-06-10 09:03:10,289 - INFO - ⚠️ Skip: Input: Kesehatan Reproduksi Putra - Anak Sekolah
2026-06-10 09:03:23,188 - INFO - ❌ Gagal Kirim
2026-06-10 09:03:26,439 - INFO - ⚠️ Skip: Input: Kesehatan Reproduksi Putri - Anak Sekolah
2026-06-10 09:03:39,344 - INFO - ❌ Gagal Kirim
2026-06-10 09:03:42,478 - INFO - ⚠️ Skip: Input: Kuesioner Tingkat Aktivitas Fisik - Tingkat Aktivitas Fisik
2026-06-10 09:03:52,192 - INFO - ❌ Gagal Kirim
2026-06-10 09:03:55,494 - INFO - ⚠️ Skip: Input: Kelayakan Tes Kebugaran
2026-06-10 09:04:11,125 - INFO - ❌ Gagal Kirim
2026-06-10 09:04:11,617 - INFO - ✅ Input: Hati
2026-06-10 09:04:14,740 - INFO - ⚠️ Skip: Input: Faktor Risiko Hepatitis SMP dan SMA
2026-06-10 09:04:17,967 - INFO - ✅ Kirim
2026-06-10 09:04:18,443 - INFO - ✅ Input: Kanker Leher Rahim
2026-06-10 09:04:21,621 - INFO - ✅ Kirim
2026-06-10 09:04:22,310 - INFO - ✅ Input: Kesehatan Jiwa
2026-06-10 09:04:25,813 - INFO - ✅ Kirim
2026-06-10 09:04:28,951 - INFO - ⚠️ Skip: Input: Penapisan Risiko Kanker Paru
2026-06-10 09:04:50,927 - INFO - ❌ Gagal Kirim
2026-06-10 09:04:51,959 - INFO - ✅ Input: Perilaku Merokok
2026-06-10 09:04:55,321 - INFO - ⚠️ Skip: Input: Perilaku Merokok - Anak Sekolah
2026-06-10 09:04:59,491 - INFO - ✅ Kirim
2026-06-10 09:05:01,523 - INFO - ✅ Input: Riwayat Imunisasi Tetanus(Status T) - Hanya untuk Catin
2026-06-10 09:05:05,123 - INFO - ✅ Kirim
2026-06-10 09:05:06,871 - INFO - ✅ Input: Tingkat Aktivitas Fisik (sedang dan berat)
2026-06-10 09:05:12,167 - INFO - ✅ Kirim
2026-06-10 09:05:13,952 - INFO - ✅ Input row: rowfrm000051
2026-06-10 09:05:17,198 - INFO - ⚠️ Skip: Input row: rowfrm000093
2026-06-10 09:05:20,348 - INFO - ⚠️ Skip: Input row: rowfrm000119
2026-06-10 09:05:25,185 - INFO - ⚠️ Dropdown gagal: sq_102i -> Gizi Baik
2026-06-10 09:05:27,799 - INFO - ✅ Kirim
2026-06-10 09:05:29,607 - INFO - ✅ Input row: rowfrm000256
2026-06-10 09:05:32,978 - INFO - ⚠️ Skip: Input row: rowfrm000197
2026-06-10 09:05:39,577 - INFO - ✅ Kirim
2026-06-10 09:05:41,453 - INFO - ✅ Input row: rowfrm000265
2026-06-10 09:05:44,746 - INFO - ⚠️ Skip: Input row: rowfrm000266
2026-06-10 09:05:54,973 - INFO - ✅ Kirim
2026-06-10 09:05:57,127 - INFO - ✅ Selesaikan Layanan
2026-06-10 09:05:59,278 - INFO - ✅ Konfirmasi
2026-06-10 09:06:02,391 - INFO - ✅ Selesai: RINI
2026-06-10 09:06:02,420 - INFO - 
===== HASIL =====
2026-06-10 09:06:02,438 - INFO - Total     : 39
2026-06-10 09:06:02,456 - INFO - Sukses    : 11
2026-06-10 09:06:02,464 - INFO - Gagal     : 1
2026-06-10 09:06:02,470 - INFO - Not found : 0
2026-06-10 09:06:02,491 - INFO - 
✅ Bot selesai!
2026-06-10 20:59:16,698 - INFO - URL: https://sehatindonesiaku.kemkes.go.id/auth/login
2026-06-10 20:59:24,243 - INFO - ✅ CKG Umum
2026-06-10 20:59:24,803 - INFO - ✅ Menu Pelayanan
2026-06-10 20:59:25,451 - INFO - ✅ Checkbox Lokasi
2026-06-10 20:59:26,523 - INFO - ✅ Tombol: Simpan
2026-06-10 20:59:26,868 - INFO - 📂 Resume dari index 39
2026-06-10 20:59:26,869 - INFO - 
===== PASIEN 40/52 =====
2026-06-10 20:59:26,870 - INFO - 👤 SADAM HUSEIN
2026-06-10 20:59:26,904 - INFO - ✅ Tab Belum Pemeriksaan
2026-06-10 20:59:27,631 - INFO - ✅ Mulai: SADAM HUSEIN
2026-06-10 20:59:29,680 - INFO - ✅ Tombol: Mulai Pemeriksaan
2026-06-10 20:59:29,750 - INFO - ✅ Simpan
2026-06-10 20:59:34,827 - INFO - ⚠️ Skip: Input: Demografi Dewasa Perempuan
2026-06-10 20:59:37,896 - INFO - ⚠️ Skip: Input: Demografi Lansia
2026-06-10 20:59:38,384 - INFO - ✅ Input: Demografi Dewasa Laki-Laki
2026-06-10 20:59:38,960 - INFO - ✅ Radio: Status Perkawinan → Menikah
2026-06-10 20:59:42,038 - INFO - ⚠️ Skip radio: Apakah Anda sedang hamil
2026-06-10 20:59:42,076 - INFO - ✅ Radio: Apakah Anda penyandang disabilitas? → Non disabilitas
2026-06-10 20:59:44,619 - INFO - ✅ Kirim
2026-06-10 20:59:47,693 - INFO - ⚠️ Skip: Input: Faktor Risiko Kanker Usus
2026-06-10 20:59:50,773 - INFO - ⚠️ Skip radio: kanker kolorektal
2026-06-10 20:59:56,907 - INFO - ❌ Gagal Kirim
2026-06-10 20:59:59,976 - INFO - ⚠️ Skip: Input: Faktor Risiko Malaria
2026-06-10 21:00:15,339 - INFO - ❌ Gagal Kirim
2026-06-10 21:00:16,133 - INFO - ✅ Input: Faktor Risiko TB - Dewasa & Lansia
2026-06-10 21:00:22,279 - INFO - ❌ Gagal Kirim
2026-06-10 21:00:25,354 - INFO - ⚠️ Skip: Input: Gejala Cemas Remaja
2026-06-10 21:00:37,151 - INFO - ✅ Kirim
2026-06-10 21:00:40,230 - INFO - ⚠️ Skip: Input: Gejala Depresi Remaja
2026-06-10 21:00:51,976 - INFO - ✅ Kirim
2026-06-10 21:00:55,035 - INFO - ⚠️ Skip: Input: Kesehatan Reproduksi Putra - Anak Sekolah
2026-06-10 21:01:06,758 - INFO - ✅ Kirim
2026-06-10 21:01:09,829 - INFO - ⚠️ Skip: Input: Kesehatan Reproduksi Putri - Anak Sekolah
2026-06-10 21:01:21,579 - INFO - ✅ Kirim
2026-06-10 21:01:24,651 - INFO - ⚠️ Skip: Input: Kuesioner Tingkat Aktivitas Fisik - Tingkat Aktivitas Fisik
2026-06-10 21:01:33,344 - INFO - ✅ Kirim
2026-06-10 21:01:36,422 - INFO - ⚠️ Skip: Input: Kelayakan Tes Kebugaran
2026-06-10 21:01:51,251 - INFO - ✅ Kirim
2026-06-10 21:01:54,317 - INFO - ⚠️ Skip: Input: Hati
2026-06-10 21:01:57,401 - INFO - ⚠️ Skip: Input: Faktor Risiko Hepatitis SMP dan SMA
2026-06-10 21:02:51,723 - INFO - ✅ Kirim
2026-06-10 21:02:54,893 - INFO - ⚠️ Skip: Input: Kanker Leher Rahim
2026-06-10 21:03:00,526 - INFO - ✅ Kirim
2026-06-10 21:03:03,656 - INFO - ⚠️ Skip: Input: Kesehatan Jiwa
2026-06-10 21:03:19,670 - INFO - ✅ Kirim
2026-06-10 21:03:22,737 - INFO - ⚠️ Skip: Input: Penapisan Risiko Kanker Paru
2026-06-10 21:03:44,540 - INFO - ❌ Gagal Kirim
2026-06-10 21:03:44,928 - INFO - ✅ Input: Perilaku Merokok
2026-06-10 21:03:48,055 - INFO - ⚠️ Skip: Input: Perilaku Merokok - Anak Sekolah
2026-06-10 21:03:51,888 - INFO - ✅ Kirim
2026-06-10 21:03:54,965 - INFO - ⚠️ Skip: Input: Riwayat Imunisasi Tetanus(Status T) - Hanya untuk Catin
2026-06-10 21:03:58,040 - INFO - ⚠️ Dropdown gagal: sq_100i -> Tidak tahu atau tidak ingat
2026-06-10 21:04:01,164 - INFO - ❌ Gagal Kirim
2026-06-10 21:04:02,124 - INFO - ✅ Input: Tingkat Aktivitas Fisik (sedang dan berat)
2026-06-10 21:04:06,883 - INFO - ✅ Kirim
2026-06-10 21:04:10,163 - INFO - ⚠️ Skip: Input row: rowfrm000051
2026-06-10 21:04:11,036 - INFO - ✅ Input row: rowfrm000093
2026-06-10 21:04:14,317 - INFO - ⚠️ Skip: Input row: rowfrm000119
2026-06-10 21:04:18,613 - INFO - ⚠️ Dropdown gagal: sq_102i -> Gizi Baik
2026-06-10 21:04:21,167 - INFO - ✅ Kirim
2026-06-10 21:04:21,734 - INFO - ✅ Input row: rowfrm000256
2026-06-10 21:04:24,846 - INFO - ⚠️ Skip: Input row: rowfrm000197
2026-06-10 21:04:30,734 - INFO - ✅ Kirim
2026-06-10 21:04:31,355 - INFO - ✅ Input row: rowfrm000265
2026-06-10 21:04:34,590 - INFO - ⚠️ Skip: Input row: rowfrm000266
2026-06-10 21:04:45,014 - INFO - ✅ Kirim
2026-06-10 21:04:47,072 - INFO - ✅ Selesaikan Layanan
2026-06-10 21:04:49,115 - INFO - ✅ Konfirmasi
2026-06-10 21:04:52,167 - INFO - ✅ Selesai: SADAM HUSEIN
2026-06-10 21:04:52,169 - INFO - 
===== PASIEN 41/52 =====
2026-06-10 21:04:52,169 - INFO - 👤 ALAN ADITIA
2026-06-10 21:04:52,937 - INFO - ✅ Tab Belum Pemeriksaan
2026-06-10 21:04:57,301 - INFO - ⚠️ Gagal klik Mulai
2026-06-10 21:04:57,301 - INFO - ⛔ Gagal klik Mulai
2026-06-10 21:04:59,351 - INFO - 
===== PASIEN 42/52 =====
2026-06-10 21:04:59,351 - INFO - 👤 JONATHAN WILLIAM F
2026-06-10 21:04:59,395 - INFO - ✅ Tab Belum Pemeriksaan
2026-06-10 21:05:00,130 - INFO - ✅ Mulai: JONATHAN WILLIAM F
2026-06-10 21:05:02,181 - INFO - ✅ Tombol: Mulai Pemeriksaan
2026-06-10 21:05:02,235 - INFO - ✅ Simpan
2026-06-10 21:05:07,307 - INFO - ⚠️ Skip: Input: Demografi Dewasa Perempuan
2026-06-10 21:05:10,440 - INFO - ⚠️ Skip: Input: Demografi Lansia
2026-06-10 21:05:11,132 - INFO - ✅ Input: Demografi Dewasa Laki-Laki
2026-06-10 21:05:11,918 - INFO - ✅ Radio: Status Perkawinan → Menikah
2026-06-10 21:05:15,080 - INFO - ⚠️ Skip radio: Apakah Anda sedang hamil
2026-06-10 21:05:15,121 - INFO - ✅ Radio: Apakah Anda penyandang disabilitas? → Non disabilitas
2026-06-10 21:05:17,670 - INFO - ✅ Kirim
2026-06-10 21:05:20,757 - INFO - ⚠️ Skip: Input: Faktor Risiko Kanker Usus
2026-06-10 21:05:23,837 - INFO - ⚠️ Skip radio: kanker kolorektal
2026-06-10 21:05:30,007 - INFO - ❌ Gagal Kirim
2026-06-10 21:05:33,082 - INFO - ⚠️ Skip: Input: Faktor Risiko Malaria
2026-06-10 21:05:48,638 - INFO - ❌ Gagal Kirim
2026-06-10 21:05:49,086 - INFO - ✅ Input: Faktor Risiko TB - Dewasa & Lansia
2026-06-10 21:05:52,183 - INFO - ✅ Kirim
2026-06-10 21:05:55,260 - INFO - ⚠️ Skip: Input: Gejala Cemas Remaja
2026-06-10 21:06:07,693 - INFO - ❌ Gagal Kirim
2026-06-10 21:06:10,768 - INFO - ⚠️ Skip: Input: Gejala Depresi Remaja
2026-06-10 21:06:23,149 - INFO - ❌ Gagal Kirim
2026-06-10 21:06:26,220 - INFO - ⚠️ Skip: Input: Kesehatan Reproduksi Putra - Anak Sekolah
2026-06-10 21:06:38,749 - INFO - ❌ Gagal Kirim
2026-06-10 21:06:41,834 - INFO - ⚠️ Skip: Input: Kesehatan Reproduksi Putri - Anak Sekolah
2026-06-10 21:06:54,247 - INFO - ❌ Gagal Kirim
2026-06-10 21:06:57,404 - INFO - ⚠️ Skip: Input: Kuesioner Tingkat Aktivitas Fisik - Tingkat Aktivitas Fisik
2026-06-10 21:07:06,764 - INFO - ❌ Gagal Kirim
2026-06-10 21:07:09,841 - INFO - ⚠️ Skip: Input: Kelayakan Tes Kebugaran
2026-06-10 21:07:25,471 - INFO - ❌ Gagal Kirim
2026-06-10 21:07:26,099 - INFO - ✅ Input: Hati
2026-06-10 21:07:29,251 - INFO - ⚠️ Skip: Input: Faktor Risiko Hepatitis SMP dan SMA
2026-06-10 21:07:33,184 - INFO - ✅ Kirim
2026-06-10 21:07:36,269 - INFO - ⚠️ Skip: Input: Kanker Leher Rahim
2026-06-10 21:07:42,420 - INFO - ❌ Gagal Kirim
2026-06-10 21:07:42,818 - INFO - ✅ Input: Kesehatan Jiwa
2026-06-10 21:07:46,103 - INFO - ✅ Kirim
2026-06-10 21:07:49,423 - INFO - ⚠️ Skip: Input: Penapisan Risiko Kanker Paru
2026-06-10 21:08:11,527 - INFO - ❌ Gagal Kirim
2026-06-10 21:08:12,012 - INFO - ✅ Input: Perilaku Merokok
2026-06-10 21:08:15,100 - INFO - ⚠️ Skip: Input: Perilaku Merokok - Anak Sekolah
2026-06-10 21:08:18,803 - INFO - ✅ Kirim
2026-06-10 21:08:21,874 - INFO - ⚠️ Skip: Input: Riwayat Imunisasi Tetanus(Status T) - Hanya untuk Catin
2026-06-10 21:08:24,943 - INFO - ⚠️ Dropdown gagal: sq_100i -> Tidak tahu atau tidak ingat
2026-06-10 21:08:28,077 - INFO - ❌ Gagal Kirim
2026-06-10 21:08:28,908 - INFO - ✅ Input: Tingkat Aktivitas Fisik (sedang dan berat)
2026-06-10 21:08:32,917 - INFO - ✅ Kirim
2026-06-10 21:08:36,011 - INFO - ⚠️ Skip: Input row: rowfrm000051
2026-06-10 21:08:36,439 - INFO - ✅ Input row: rowfrm000093
2026-06-10 21:08:39,518 - INFO - ⚠️ Skip: Input row: rowfrm000119
2026-06-10 21:08:43,227 - INFO - ⚠️ Dropdown gagal: sq_102i -> Gizi Baik
2026-06-10 21:08:45,772 - INFO - ✅ Kirim
2026-06-10 21:08:46,938 - INFO - ✅ Input row: rowfrm000256
2026-06-10 21:08:50,450 - INFO - ⚠️ Skip: Input row: rowfrm000197
2026-06-10 21:08:56,338 - INFO - ✅ Kirim
2026-06-10 21:08:56,956 - INFO - ✅ Input row: rowfrm000265
2026-06-10 21:09:00,071 - INFO - ⚠️ Skip: Input row: rowfrm000266
2026-06-10 21:09:09,217 - INFO - ✅ Kirim
2026-06-10 21:09:11,523 - INFO - ✅ Selesaikan Layanan
2026-06-10 21:09:13,581 - INFO - ✅ Konfirmasi
2026-06-10 21:09:16,610 - INFO - ✅ Selesai: JONATHAN WILLIAM F
2026-06-10 21:09:16,612 - INFO - 
===== PASIEN 43/52 =====
2026-06-10 21:09:16,613 - INFO - 👤 TAN CUISEN
2026-06-10 21:09:17,176 - INFO - ✅ Tab Belum Pemeriksaan
2026-06-10 21:09:17,867 - INFO - ✅ Mulai: TAN CUISEN
2026-06-10 21:09:19,915 - INFO - ✅ Tombol: Mulai Pemeriksaan
2026-06-10 21:09:19,970 - INFO - ✅ Simpan
2026-06-10 21:09:25,047 - INFO - ⚠️ Skip: Input: Demografi Dewasa Perempuan
2026-06-10 21:09:28,341 - INFO - ⚠️ Skip: Input: Demografi Lansia
2026-06-10 21:09:28,806 - INFO - ✅ Input: Demografi Dewasa Laki-Laki
2026-06-10 21:09:29,384 - INFO - ✅ Radio: Status Perkawinan → Menikah
2026-06-10 21:09:32,465 - INFO - ⚠️ Skip radio: Apakah Anda sedang hamil
2026-06-10 21:09:32,499 - INFO - ✅ Radio: Apakah Anda penyandang disabilitas? → Non disabilitas
2026-06-10 21:09:35,039 - INFO - ✅ Kirim
2026-06-10 21:09:38,113 - INFO - ⚠️ Skip: Input: Faktor Risiko Kanker Usus
2026-06-10 21:09:41,295 - INFO - ⚠️ Skip radio: kanker kolorektal
2026-06-10 21:09:47,572 - INFO - ❌ Gagal Kirim
2026-06-10 21:09:50,634 - INFO - ⚠️ Skip: Input: Faktor Risiko Malaria
2026-06-10 21:10:06,119 - INFO - ❌ Gagal Kirim
2026-06-10 21:10:06,521 - INFO - ✅ Input: Faktor Risiko TB - Dewasa & Lansia
2026-06-10 21:10:09,975 - INFO - ✅ Kirim
2026-06-10 21:10:13,225 - INFO - ⚠️ Skip: Input: Gejala Cemas Remaja
2026-06-10 21:10:25,670 - INFO - ❌ Gagal Kirim
2026-06-10 21:10:28,747 - INFO - ⚠️ Skip: Input: Gejala Depresi Remaja
2026-06-10 21:10:41,291 - INFO - ❌ Gagal Kirim
2026-06-10 21:10:44,373 - INFO - ⚠️ Skip: Input: Kesehatan Reproduksi Putra - Anak Sekolah
2026-06-10 21:10:56,697 - INFO - ❌ Gagal Kirim
2026-06-10 21:10:59,774 - INFO - ⚠️ Skip: Input: Kesehatan Reproduksi Putri - Anak Sekolah
2026-06-10 21:11:12,106 - INFO - ❌ Gagal Kirim
2026-06-10 21:11:15,197 - INFO - ⚠️ Skip: Input: Kuesioner Tingkat Aktivitas Fisik - Tingkat Aktivitas Fisik
2026-06-10 21:11:24,740 - INFO - ❌ Gagal Kirim
2026-06-10 21:11:27,962 - INFO - ⚠️ Skip: Input: Kelayakan Tes Kebugaran
2026-06-10 21:11:43,370 - INFO - ❌ Gagal Kirim
2026-06-10 21:11:43,754 - INFO - ✅ Input: Hati
2026-06-10 21:11:46,843 - INFO - ⚠️ Skip: Input: Faktor Risiko Hepatitis SMP dan SMA
2026-06-10 21:11:49,734 - INFO - ✅ Kirim
2026-06-10 21:11:52,876 - INFO - ⚠️ Skip: Input: Kanker Leher Rahim
2026-06-10 21:11:59,037 - INFO - ❌ Gagal Kirim
2026-06-10 21:11:59,423 - INFO - ✅ Input: Kesehatan Jiwa
2026-06-10 21:12:02,663 - INFO - ✅ Kirim
2026-06-10 21:12:06,187 - INFO - ⚠️ Skip: Input: Penapisan Risiko Kanker Paru
2026-06-10 21:12:27,886 - INFO - ❌ Gagal Kirim
2026-06-10 21:12:28,436 - INFO - ✅ Input: Perilaku Merokok
2026-06-10 21:12:31,876 - INFO - ⚠️ Skip: Input: Perilaku Merokok - Anak Sekolah
2026-06-10 21:12:35,595 - INFO - ✅ Kirim
2026-06-10 21:12:38,681 - INFO - ⚠️ Skip: Input: Riwayat Imunisasi Tetanus(Status T) - Hanya untuk Catin
2026-06-10 21:12:41,751 - INFO - ⚠️ Dropdown gagal: sq_100i -> Tidak tahu atau tidak ingat
2026-06-10 21:12:44,888 - INFO - ❌ Gagal Kirim
2026-06-10 21:12:45,390 - INFO - ✅ Input: Tingkat Aktivitas Fisik (sedang dan berat)
2026-06-10 21:12:50,014 - INFO - ✅ Kirim
2026-06-10 21:12:53,085 - INFO - ⚠️ Skip: Input row: rowfrm000051
2026-06-10 21:12:53,436 - INFO - ✅ Input row: rowfrm000093
2026-06-10 21:12:56,535 - INFO - ⚠️ Skip: Input row: rowfrm000119
2026-06-10 21:13:00,153 - INFO - ⚠️ Dropdown gagal: sq_102i -> Gizi Baik
2026-06-10 21:13:02,838 - INFO - ✅ Kirim
2026-06-10 21:13:03,411 - INFO - ✅ Input row: rowfrm000256
2026-06-10 21:13:06,525 - INFO - ⚠️ Skip: Input row: rowfrm000197
2026-06-10 21:13:12,536 - INFO - ✅ Kirim
2026-06-10 21:13:13,121 - INFO - ✅ Input row: rowfrm000265
2026-06-10 21:13:16,215 - INFO - ⚠️ Skip: Input row: rowfrm000266
2026-06-10 21:13:25,392 - INFO - ✅ Kirim
2026-06-10 21:13:29,468 - INFO - ✅ Selesaikan Layanan
2026-06-10 21:13:31,546 - INFO - ✅ Konfirmasi
2026-06-10 21:13:35,627 - INFO - ✅ Selesai: TAN CUISEN
2026-06-10 21:13:35,628 - INFO - 
===== PASIEN 44/52 =====
2026-06-10 21:13:35,628 - INFO - 👤 NIKSON TUHEHAY
2026-06-10 21:13:36,193 - INFO - ✅ Tab Belum Pemeriksaan
2026-06-10 21:13:37,016 - INFO - ✅ Mulai: NIKSON TUHEHAY
2026-06-10 21:13:39,401 - INFO - ✅ Tombol: Mulai Pemeriksaan
2026-06-10 21:13:39,688 - INFO - ✅ Simpan
2026-06-10 21:13:45,201 - INFO - ⚠️ Skip: Input: Demografi Dewasa Perempuan
2026-06-10 21:13:48,313 - INFO - ⚠️ Skip: Input: Demografi Lansia
2026-06-10 21:13:48,909 - INFO - ✅ Input: Demografi Dewasa Laki-Laki
2026-06-10 21:13:49,553 - INFO - ✅ Radio: Status Perkawinan → Menikah
2026-06-10 21:13:52,671 - INFO - ⚠️ Skip radio: Apakah Anda sedang hamil
2026-06-10 21:13:52,721 - INFO - ✅ Radio: Apakah Anda penyandang disabilitas? → Non disabilitas
2026-06-10 21:13:55,273 - INFO - ✅ Kirim
2026-06-10 21:13:58,368 - INFO - ⚠️ Skip: Input: Faktor Risiko Kanker Usus
2026-06-10 21:14:01,460 - INFO - ⚠️ Skip radio: kanker kolorektal
2026-06-10 21:14:07,702 - INFO - ❌ Gagal Kirim
2026-06-10 21:14:10,782 - INFO - ⚠️ Skip: Input: Faktor Risiko Malaria
2026-06-10 21:14:26,164 - INFO - ❌ Gagal Kirim
2026-06-10 21:14:26,731 - INFO - ✅ Input: Faktor Risiko TB - Dewasa & Lansia
2026-06-10 21:14:29,904 - INFO - ✅ Kirim
2026-06-10 21:14:33,162 - INFO - ⚠️ Skip: Input: Gejala Cemas Remaja
2026-06-10 21:14:45,563 - INFO - ❌ Gagal Kirim
2026-06-10 21:14:48,675 - INFO - ⚠️ Skip: Input: Gejala Depresi Remaja
2026-06-10 21:15:01,021 - INFO - ❌ Gagal Kirim
2026-06-10 21:15:04,113 - INFO - ⚠️ Skip: Input: Kesehatan Reproduksi Putra - Anak Sekolah
2026-06-10 21:15:16,550 - INFO - ❌ Gagal Kirim
2026-06-10 21:15:19,621 - INFO - ⚠️ Skip: Input: Kesehatan Reproduksi Putri - Anak Sekolah
2026-06-10 21:15:32,043 - INFO - ❌ Gagal Kirim
2026-06-10 21:15:35,117 - INFO - ⚠️ Skip: Input: Kuesioner Tingkat Aktivitas Fisik - Tingkat Aktivitas Fisik
2026-06-10 21:15:44,366 - INFO - ❌ Gagal Kirim
2026-06-10 21:15:47,448 - INFO - ⚠️ Skip: Input: Kelayakan Tes Kebugaran
2026-06-10 21:16:02,846 - INFO - ❌ Gagal Kirim
2026-06-10 21:16:03,535 - INFO - ✅ Input: Hati
2026-06-10 21:16:06,643 - INFO - ⚠️ Skip: Input: Faktor Risiko Hepatitis SMP dan SMA
2026-06-10 21:16:09,532 - INFO - ✅ Kirim
2026-06-10 21:16:12,611 - INFO - ⚠️ Skip: Input: Kanker Leher Rahim
2026-06-10 21:16:18,860 - INFO - ❌ Gagal Kirim
2026-06-10 21:16:19,754 - INFO - ✅ Input: Kesehatan Jiwa
2026-06-10 21:16:23,001 - INFO - ✅ Kirim
2026-06-10 21:16:26,083 - INFO - ⚠️ Skip: Input: Penapisan Risiko Kanker Paru
2026-06-10 21:16:47,682 - INFO - ❌ Gagal Kirim
2026-06-10 21:16:59,388 - INFO - ✅ Input: Perilaku Merokok
2026-06-10 21:17:02,519 - INFO - ⚠️ Skip: Input: Perilaku Merokok - Anak Sekolah
2026-06-10 21:17:12,492 - INFO - ✅ Kirim
2026-06-10 21:17:15,681 - INFO - ⚠️ Skip: Input: Riwayat Imunisasi Tetanus(Status T) - Hanya untuk Catin
2026-06-10 21:17:18,745 - INFO - ⚠️ Dropdown gagal: sq_100i -> Tidak tahu atau tidak ingat
2026-06-10 21:17:21,282 - INFO - ✅ Kirim
2026-06-10 21:17:22,333 - INFO - ✅ Input: Tingkat Aktivitas Fisik (sedang dan berat)
2026-06-10 21:17:26,164 - INFO - ✅ Kirim
2026-06-10 21:17:29,236 - INFO - ⚠️ Skip: Input row: rowfrm000051
2026-06-10 21:17:30,034 - INFO - ✅ Input row: rowfrm000093
2026-06-10 21:17:33,200 - INFO - ⚠️ Skip: Input row: rowfrm000119
2026-06-10 21:17:37,334 - INFO - ⚠️ Dropdown gagal: sq_102i -> Gizi Baik
2026-06-10 21:17:39,877 - INFO - ✅ Kirim
2026-06-10 21:17:40,482 - INFO - ✅ Input row: rowfrm000256
2026-06-10 21:17:43,599 - INFO - ⚠️ Skip: Input row: rowfrm000197
2026-06-10 21:17:50,192 - INFO - ✅ Kirim
2026-06-10 21:17:52,487 - INFO - ✅ Input row: rowfrm000265
2026-06-10 21:17:55,614 - INFO - ⚠️ Skip: Input row: rowfrm000266
2026-06-10 21:18:04,755 - INFO - ✅ Kirim
2026-06-10 21:18:06,908 - INFO - ✅ Selesaikan Layanan
2026-06-10 21:18:08,952 - INFO - ✅ Konfirmasi
2026-06-10 21:18:11,989 - INFO - ✅ Selesai: NIKSON TUHEHAY
2026-06-10 21:18:11,990 - INFO - 
===== PASIEN 45/52 =====
2026-06-10 21:18:11,990 - INFO - 👤 M. MANE MOGEN
2026-06-10 21:18:12,545 - INFO - ✅ Tab Belum Pemeriksaan
2026-06-10 21:18:13,270 - INFO - ✅ Mulai: M. MANE MOGEN
2026-06-10 21:18:15,317 - INFO - ✅ Tombol: Mulai Pemeriksaan
2026-06-10 21:18:15,370 - INFO - ✅ Simpan
2026-06-10 21:18:20,446 - INFO - ⚠️ Skip: Input: Demografi Dewasa Perempuan
2026-06-10 21:18:23,746 - INFO - ⚠️ Skip: Input: Demografi Lansia
2026-06-10 21:18:24,644 - INFO - ✅ Input: Demografi Dewasa Laki-Laki
2026-06-10 21:18:25,264 - INFO - ✅ Radio: Status Perkawinan → Menikah
2026-06-10 21:18:28,357 - INFO - ⚠️ Skip radio: Apakah Anda sedang hamil
2026-06-10 21:18:28,398 - INFO - ✅ Radio: Apakah Anda penyandang disabilitas? → Non disabilitas
2026-06-10 21:18:30,947 - INFO - ✅ Kirim
2026-06-10 21:18:34,025 - INFO - ⚠️ Skip: Input: Faktor Risiko Kanker Usus
2026-06-10 21:18:37,108 - INFO - ⚠️ Skip radio: kanker kolorektal
2026-06-10 21:18:43,488 - INFO - ❌ Gagal Kirim
2026-06-10 21:18:46,586 - INFO - ⚠️ Skip: Input: Faktor Risiko Malaria
2026-06-10 21:19:02,222 - INFO - ❌ Gagal Kirim
2026-06-10 21:19:03,006 - INFO - ✅ Input: Faktor Risiko TB - Dewasa & Lansia
2026-06-10 21:19:06,256 - INFO - ✅ Kirim
2026-06-10 21:19:09,355 - INFO - ⚠️ Skip: Input: Gejala Cemas Remaja
2026-06-10 21:19:21,744 - INFO - ❌ Gagal Kirim
2026-06-10 21:19:24,864 - INFO - ⚠️ Skip: Input: Gejala Depresi Remaja
2026-06-10 21:19:37,198 - INFO - ❌ Gagal Kirim
2026-06-10 21:19:40,290 - INFO - ⚠️ Skip: Input: Kesehatan Reproduksi Putra - Anak Sekolah
2026-06-10 21:19:52,692 - INFO - ❌ Gagal Kirim
2026-06-10 21:19:55,768 - INFO - ⚠️ Skip: Input: Kesehatan Reproduksi Putri - Anak Sekolah
2026-06-10 21:20:08,100 - INFO - ❌ Gagal Kirim
2026-06-10 21:20:11,175 - INFO - ⚠️ Skip: Input: Kuesioner Tingkat Aktivitas Fisik - Tingkat Aktivitas Fisik
2026-06-10 21:20:20,452 - INFO - ❌ Gagal Kirim
2026-06-10 21:20:23,520 - INFO - ⚠️ Skip: Input: Kelayakan Tes Kebugaran
2026-06-10 21:20:39,026 - INFO - ❌ Gagal Kirim
2026-06-10 21:20:39,484 - INFO - ✅ Input: Hati
2026-06-10 21:20:42,751 - INFO - ⚠️ Skip: Input: Faktor Risiko Hepatitis SMP dan SMA
2026-06-10 21:20:45,899 - INFO - ✅ Kirim
2026-06-10 21:20:48,976 - INFO - ⚠️ Skip: Input: Kanker Leher Rahim
2026-06-10 21:20:55,124 - INFO - ❌ Gagal Kirim
2026-06-10 21:20:55,573 - INFO - ✅ Input: Kesehatan Jiwa
2026-06-10 21:20:58,820 - INFO - ✅ Kirim
2026-06-10 21:21:01,889 - INFO - ⚠️ Skip: Input: Penapisan Risiko Kanker Paru
2026-06-10 21:21:23,409 - INFO - ❌ Gagal Kirim
2026-06-10 21:21:23,824 - INFO - ✅ Input: Perilaku Merokok
2026-06-10 21:21:26,895 - INFO - ⚠️ Skip: Input: Perilaku Merokok - Anak Sekolah
2026-06-10 21:21:30,568 - INFO - ✅ Kirim
2026-06-10 21:21:33,647 - INFO - ⚠️ Skip: Input: Riwayat Imunisasi Tetanus(Status T) - Hanya untuk Catin
2026-06-10 21:21:36,719 - INFO - ⚠️ Dropdown gagal: sq_100i -> Tidak tahu atau tidak ingat
2026-06-10 21:21:39,787 - INFO - ❌ Gagal Kirim
2026-06-10 21:21:40,170 - INFO - ✅ Input: Tingkat Aktivitas Fisik (sedang dan berat)
2026-06-10 21:21:43,864 - INFO - ✅ Kirim
2026-06-10 21:21:46,937 - INFO - ⚠️ Skip: Input row: rowfrm000051
2026-06-10 21:21:47,335 - INFO - ✅ Input row: rowfrm000093
2026-06-10 21:21:50,421 - INFO - ⚠️ Skip: Input row: rowfrm000119
2026-06-10 21:21:54,068 - INFO - ⚠️ Dropdown gagal: sq_102i -> Gizi Baik
2026-06-10 21:21:56,613 - INFO - ✅ Kirim
2026-06-10 21:21:57,011 - INFO - ✅ Input row: rowfrm000256
2026-06-10 21:22:00,090 - INFO - ⚠️ Skip: Input row: rowfrm000197
2026-06-10 21:22:05,945 - INFO - ✅ Kirim
2026-06-10 21:22:06,357 - INFO - ✅ Input row: rowfrm000265
2026-06-10 21:22:09,441 - INFO - ⚠️ Skip: Input row: rowfrm000266
2026-06-10 21:22:18,530 - INFO - ✅ Kirim
2026-06-10 21:22:20,573 - INFO - ✅ Selesaikan Layanan
2026-06-10 21:22:22,615 - INFO - ✅ Konfirmasi
2026-06-10 21:22:25,659 - INFO - ✅ Selesai: M. MANE MOGEN
2026-06-10 21:22:25,662 - INFO - 
===== PASIEN 46/52 =====
2026-06-10 21:22:25,666 - INFO - 👤 JUZIRRA MANUHUTU
2026-06-10 21:22:26,264 - INFO - ✅ Tab Belum Pemeriksaan
2026-06-10 21:22:27,022 - INFO - ✅ Mulai: JUZIRRA MANUHUTU
2026-06-10 21:22:29,066 - INFO - ✅ Tombol: Mulai Pemeriksaan
2026-06-10 21:22:29,116 - INFO - ✅ Simpan
2026-06-10 21:22:34,192 - INFO - ⚠️ Skip: Input: Demografi Dewasa Perempuan
2026-06-10 21:22:37,307 - INFO - ⚠️ Skip: Input: Demografi Lansia
2026-06-10 21:22:37,838 - INFO - ✅ Input: Demografi Dewasa Laki-Laki
2026-06-10 21:22:38,553 - INFO - ✅ Radio: Status Perkawinan → Menikah
2026-06-10 21:22:41,760 - INFO - ⚠️ Skip radio: Apakah Anda sedang hamil
2026-06-10 21:22:41,799 - INFO - ✅ Radio: Apakah Anda penyandang disabilitas? → Non disabilitas
2026-06-10 21:22:44,350 - INFO - ✅ Kirim
2026-06-10 21:22:44,830 - INFO - ✅ Input: Faktor Risiko Kanker Usus
2026-06-10 21:22:45,405 - INFO - ✅ Radio: kanker kolorektal → Tidak
2026-06-10 21:22:48,011 - INFO - ✅ Kirim
2026-06-10 21:22:51,095 - INFO - ⚠️ Skip: Input: Faktor Risiko Malaria
2026-06-10 21:23:06,707 - INFO - ❌ Gagal Kirim
2026-06-10 21:23:07,173 - INFO - ✅ Input: Faktor Risiko TB - Dewasa & Lansia
2026-06-10 21:23:10,346 - INFO - ✅ Kirim
2026-06-10 21:23:13,744 - INFO - ⚠️ Skip: Input: Gejala Cemas Remaja
2026-06-10 21:23:26,105 - INFO - ❌ Gagal Kirim
2026-06-10 21:23:29,181 - INFO - ⚠️ Skip: Input: Gejala Depresi Remaja
2026-06-10 21:23:41,588 - INFO - ❌ Gagal Kirim
2026-06-10 21:23:44,663 - INFO - ⚠️ Skip: Input: Kesehatan Reproduksi Putra - Anak Sekolah
2026-06-10 21:23:57,072 - INFO - ❌ Gagal Kirim
2026-06-10 21:24:00,235 - INFO - ⚠️ Skip: Input: Kesehatan Reproduksi Putri - Anak Sekolah
2026-06-10 21:24:12,709 - INFO - ❌ Gagal Kirim
2026-06-10 21:24:16,049 - INFO - ⚠️ Skip: Input: Kuesioner Tingkat Aktivitas Fisik - Tingkat Aktivitas Fisik
2026-06-10 21:24:25,392 - INFO - ❌ Gagal Kirim
2026-06-10 21:24:28,682 - INFO - ⚠️ Skip: Input: Kelayakan Tes Kebugaran
2026-06-10 21:24:44,191 - INFO - ❌ Gagal Kirim
2026-06-10 21:24:44,606 - INFO - ✅ Input: Hati
2026-06-10 21:24:47,684 - INFO - ⚠️ Skip: Input: Faktor Risiko Hepatitis SMP dan SMA
2026-06-10 21:24:50,564 - INFO - ✅ Kirim
2026-06-10 21:24:53,790 - INFO - ⚠️ Skip: Input: Kanker Leher Rahim
2026-06-10 21:24:59,984 - INFO - ❌ Gagal Kirim
2026-06-10 21:25:00,374 - INFO - ✅ Input: Kesehatan Jiwa
2026-06-10 21:25:03,621 - INFO - ✅ Kirim
2026-06-10 21:25:04,038 - INFO - ✅ Input: Penapisan Risiko Kanker Paru
2026-06-10 21:25:08,927 - INFO - ✅ Kirim
2026-06-10 21:25:09,851 - INFO - ✅ Input: Perilaku Merokok
2026-06-10 21:25:13,331 - INFO - ⚠️ Skip: Input: Perilaku Merokok - Anak Sekolah
2026-06-10 21:25:17,022 - INFO - ✅ Kirim
2026-06-10 21:25:20,092 - INFO - ⚠️ Skip: Input: Riwayat Imunisasi Tetanus(Status T) - Hanya untuk Catin
2026-06-10 21:25:23,244 - INFO - ⚠️ Dropdown gagal: sq_100i -> Tidak tahu atau tidak ingat
2026-06-10 21:25:26,524 - INFO - ❌ Gagal Kirim
2026-06-10 21:25:27,125 - INFO - ✅ Input: Tingkat Aktivitas Fisik (sedang dan berat)
2026-06-10 21:25:31,216 - INFO - ✅ Kirim
2026-06-10 21:25:34,299 - INFO - ⚠️ Skip: Input row: rowfrm000051
2026-06-10 21:25:34,706 - INFO - ✅ Input row: rowfrm000093
2026-06-10 21:25:37,796 - INFO - ⚠️ Skip: Input row: rowfrm000119
2026-06-10 21:25:41,544 - INFO - ⚠️ Dropdown gagal: sq_102i -> Gizi Baik
2026-06-10 21:25:44,139 - INFO - ✅ Kirim
2026-06-10 21:25:44,591 - INFO - ✅ Input row: rowfrm000256
2026-06-10 21:25:47,710 - INFO - ⚠️ Skip: Input row: rowfrm000197
2026-06-10 21:25:53,557 - INFO - ✅ Kirim
2026-06-10 21:25:54,819 - INFO - ✅ Input row: rowfrm000265
2026-06-10 21:25:58,272 - INFO - ⚠️ Skip: Input row: rowfrm000266
2026-06-10 21:26:07,569 - INFO - ✅ Kirim
2026-06-10 21:26:09,720 - INFO - ✅ Selesaikan Layanan
2026-06-10 21:26:11,814 - INFO - ✅ Konfirmasi
2026-06-10 21:26:14,845 - INFO - ✅ Selesai: JUZIRRA MANUHUTU
2026-06-10 21:26:14,847 - INFO - 
===== PASIEN 47/52 =====
2026-06-10 21:26:14,847 - INFO - 👤 AGUS SETIAWAN
2026-06-10 21:26:15,408 - INFO - ✅ Tab Belum Pemeriksaan
2026-06-10 21:26:16,110 - INFO - ✅ Mulai: AGUS SETIAWAN
2026-06-10 21:26:18,156 - INFO - ✅ Tombol: Mulai Pemeriksaan
2026-06-10 21:26:18,206 - INFO - ✅ Simpan
2026-06-10 21:26:23,295 - INFO - ⚠️ Skip: Input: Demografi Dewasa Perempuan
2026-06-10 21:26:26,452 - INFO - ⚠️ Skip: Input: Demografi Lansia
2026-06-10 21:26:27,017 - INFO - ✅ Input: Demografi Dewasa Laki-Laki
2026-06-10 21:26:27,608 - INFO - ✅ Radio: Status Perkawinan → Menikah
2026-06-10 21:26:30,711 - INFO - ⚠️ Skip radio: Apakah Anda sedang hamil
2026-06-10 21:26:30,748 - INFO - ✅ Radio: Apakah Anda penyandang disabilitas? → Non disabilitas
2026-06-10 21:26:33,291 - INFO - ✅ Kirim
2026-06-10 21:26:36,366 - INFO - ⚠️ Skip: Input: Faktor Risiko Kanker Usus
2026-06-10 21:26:39,452 - INFO - ⚠️ Skip radio: kanker kolorektal
2026-06-10 21:26:46,033 - INFO - ❌ Gagal Kirim
2026-06-10 21:26:49,105 - INFO - ⚠️ Skip: Input: Faktor Risiko Malaria
2026-06-10 21:27:04,714 - INFO - ❌ Gagal Kirim
2026-06-10 21:27:05,149 - INFO - ✅ Input: Faktor Risiko TB - Dewasa & Lansia
2026-06-10 21:27:08,256 - INFO - ✅ Kirim
2026-06-10 21:27:11,350 - INFO - ⚠️ Skip: Input: Gejala Cemas Remaja
2026-06-10 21:27:23,689 - INFO - ❌ Gagal Kirim
2026-06-10 21:27:26,789 - INFO - ⚠️ Skip: Input: Gejala Depresi Remaja
2026-06-10 21:27:39,267 - INFO - ❌ Gagal Kirim
2026-06-10 21:27:42,373 - INFO - ⚠️ Skip: Input: Kesehatan Reproduksi Putra - Anak Sekolah
2026-06-10 21:27:54,810 - INFO - ❌ Gagal Kirim
2026-06-10 21:27:57,879 - INFO - ⚠️ Skip: Input: Kesehatan Reproduksi Putri - Anak Sekolah
2026-06-10 21:28:10,282 - INFO - ❌ Gagal Kirim
2026-06-10 21:28:13,355 - INFO - ⚠️ Skip: Input: Kuesioner Tingkat Aktivitas Fisik - Tingkat Aktivitas Fisik
2026-06-10 21:28:22,635 - INFO - ❌ Gagal Kirim
2026-06-10 21:28:25,701 - INFO - ⚠️ Skip: Input: Kelayakan Tes Kebugaran
2026-06-10 21:28:41,214 - INFO - ❌ Gagal Kirim
2026-06-10 21:28:41,630 - INFO - ✅ Input: Hati
2026-06-10 21:28:44,932 - INFO - ⚠️ Skip: Input: Faktor Risiko Hepatitis SMP dan SMA
2026-06-10 21:28:47,977 - INFO - ✅ Kirim
2026-06-10 21:28:51,065 - INFO - ⚠️ Skip: Input: Kanker Leher Rahim
2026-06-10 21:28:57,223 - INFO - ❌ Gagal Kirim
2026-06-10 21:28:57,717 - INFO - ✅ Input: Kesehatan Jiwa
2026-06-10 21:29:01,198 - INFO - ✅ Kirim
2026-06-10 21:29:04,278 - INFO - ⚠️ Skip: Input: Penapisan Risiko Kanker Paru
2026-06-10 21:29:26,013 - INFO - ❌ Gagal Kirim
2026-06-10 21:29:26,502 - INFO - ✅ Input: Perilaku Merokok
2026-06-10 21:29:29,595 - INFO - ⚠️ Skip: Input: Perilaku Merokok - Anak Sekolah
2026-06-10 21:29:33,281 - INFO - ✅ Kirim
2026-06-10 21:29:36,364 - INFO - ⚠️ Skip: Input: Riwayat Imunisasi Tetanus(Status T) - Hanya untuk Catin
2026-06-10 21:29:39,519 - INFO - ⚠️ Dropdown gagal: sq_100i -> Tidak tahu atau tidak ingat
2026-06-10 21:29:42,624 - INFO - ❌ Gagal Kirim
2026-06-10 21:29:43,017 - INFO - ✅ Input: Tingkat Aktivitas Fisik (sedang dan berat)
2026-06-10 21:29:46,724 - INFO - ✅ Kirim
2026-06-10 21:29:49,795 - INFO - ⚠️ Skip: Input row: rowfrm000051
2026-06-10 21:29:50,337 - INFO - ✅ Input row: rowfrm000093
2026-06-10 21:29:53,939 - INFO - ⚠️ Skip: Input row: rowfrm000119
2026-06-10 21:29:58,028 - INFO - ⚠️ Dropdown gagal: sq_102i -> Gizi Baik
2026-06-10 21:30:00,573 - INFO - ✅ Kirim
2026-06-10 21:30:00,992 - INFO - ✅ Input row: rowfrm000256
2026-06-10 21:30:04,073 - INFO - ⚠️ Skip: Input row: rowfrm000197
2026-06-10 21:30:10,360 - INFO - ✅ Kirim
2026-06-10 21:30:11,033 - INFO - ✅ Input row: rowfrm000265
2026-06-10 21:30:14,124 - INFO - ⚠️ Skip: Input row: rowfrm000266
2026-06-10 21:30:23,195 - INFO - ✅ Kirim
2026-06-10 21:30:25,254 - INFO - ✅ Selesaikan Layanan
2026-06-10 21:30:27,300 - INFO - ✅ Konfirmasi
2026-06-10 21:30:30,333 - INFO - ✅ Selesai: AGUS SETIAWAN
2026-06-10 21:30:30,335 - INFO - 
===== PASIEN 48/52 =====
2026-06-10 21:30:30,335 - INFO - 👤 SANTOSO
2026-06-10 21:30:30,897 - INFO - ✅ Tab Belum Pemeriksaan
2026-06-10 21:30:31,602 - INFO - ✅ Mulai: SANTOSO
2026-06-10 21:30:33,650 - INFO - ✅ Tombol: Mulai Pemeriksaan
2026-06-10 21:30:33,702 - INFO - ✅ Simpan
2026-06-10 21:30:38,889 - INFO - ⚠️ Skip: Input: Demografi Dewasa Perempuan
2026-06-10 21:30:41,964 - INFO - ⚠️ Skip: Input: Demografi Lansia
2026-06-10 21:30:42,331 - INFO - ✅ Input: Demografi Dewasa Laki-Laki
2026-06-10 21:30:42,903 - INFO - ✅ Radio: Status Perkawinan → Menikah
2026-06-10 21:30:45,981 - INFO - ⚠️ Skip radio: Apakah Anda sedang hamil
2026-06-10 21:30:46,025 - INFO - ✅ Radio: Apakah Anda penyandang disabilitas? → Non disabilitas
2026-06-10 21:30:48,616 - INFO - ✅ Kirim
2026-06-10 21:30:51,773 - INFO - ⚠️ Skip: Input: Faktor Risiko Kanker Usus
2026-06-10 21:30:54,858 - INFO - ⚠️ Skip radio: kanker kolorektal
2026-06-10 21:31:01,015 - INFO - ❌ Gagal Kirim
2026-06-10 21:31:04,404 - INFO - ⚠️ Skip: Input: Faktor Risiko Malaria
2026-06-10 21:31:19,943 - INFO - ❌ Gagal Kirim
2026-06-10 21:31:20,339 - INFO - ✅ Input: Faktor Risiko TB - Dewasa & Lansia
2026-06-10 21:31:23,436 - INFO - ✅ Kirim
2026-06-10 21:31:26,518 - INFO - ⚠️ Skip: Input: Gejala Cemas Remaja
2026-06-10 21:31:38,972 - INFO - ❌ Gagal Kirim
2026-06-10 21:31:42,126 - INFO - ⚠️ Skip: Input: Gejala Depresi Remaja
2026-06-10 21:31:54,511 - INFO - ❌ Gagal Kirim
2026-06-10 21:31:57,594 - INFO - ⚠️ Skip: Input: Kesehatan Reproduksi Putra - Anak Sekolah
2026-06-10 21:32:10,006 - INFO - ❌ Gagal Kirim
2026-06-10 21:32:13,082 - INFO - ⚠️ Skip: Input: Kesehatan Reproduksi Putri - Anak Sekolah
2026-06-10 21:32:25,661 - INFO - ❌ Gagal Kirim
2026-06-10 21:32:28,792 - INFO - ⚠️ Skip: Input: Kuesioner Tingkat Aktivitas Fisik - Tingkat Aktivitas Fisik
2026-06-10 21:32:38,051 - INFO - ❌ Gagal Kirim
2026-06-10 21:32:41,200 - INFO - ⚠️ Skip: Input: Kelayakan Tes Kebugaran
2026-06-10 21:32:56,681 - INFO - ❌ Gagal Kirim
2026-06-10 21:32:57,405 - INFO - ✅ Input: Hati
2026-06-10 21:33:00,602 - INFO - ⚠️ Skip: Input: Faktor Risiko Hepatitis SMP dan SMA
2026-06-10 21:33:03,521 - INFO - ✅ Kirim
2026-06-10 21:33:06,599 - INFO - ⚠️ Skip: Input: Kanker Leher Rahim
2026-06-10 21:33:12,915 - INFO - ❌ Gagal Kirim
2026-06-10 21:33:13,699 - INFO - ✅ Input: Kesehatan Jiwa
2026-06-10 21:33:17,124 - INFO - ✅ Kirim
2026-06-10 21:33:20,210 - INFO - ⚠️ Skip: Input: Penapisan Risiko Kanker Paru
2026-06-10 21:33:42,064 - INFO - ❌ Gagal Kirim
2026-06-10 21:33:42,464 - INFO - ✅ Input: Perilaku Merokok
2026-06-10 21:33:45,557 - INFO - ⚠️ Skip: Input: Perilaku Merokok - Anak Sekolah
2026-06-10 21:33:49,237 - INFO - ✅ Kirim
2026-06-10 21:33:52,367 - INFO - ⚠️ Skip: Input: Riwayat Imunisasi Tetanus(Status T) - Hanya untuk Catin
2026-06-10 21:33:55,598 - INFO - ⚠️ Dropdown gagal: sq_100i -> Tidak tahu atau tidak ingat
2026-06-10 21:33:58,669 - INFO - ❌ Gagal Kirim
2026-06-10 21:33:59,029 - INFO - ✅ Input: Tingkat Aktivitas Fisik (sedang dan berat)
2026-06-10 21:34:02,736 - INFO - ✅ Kirim
2026-06-10 21:34:05,858 - INFO - ⚠️ Skip: Input row: rowfrm000051
2026-06-10 21:34:06,531 - INFO - ✅ Input row: rowfrm000093
2026-06-10 21:34:09,938 - INFO - ⚠️ Skip: Input row: rowfrm000119
2026-06-10 21:34:13,641 - INFO - ⚠️ Dropdown gagal: sq_102i -> Gizi Baik
2026-06-10 21:34:16,186 - INFO - ✅ Kirim
2026-06-10 21:34:16,577 - INFO - ✅ Input row: rowfrm000256
2026-06-10 21:34:19,656 - INFO - ⚠️ Skip: Input row: rowfrm000197
2026-06-10 21:34:26,049 - INFO - ✅ Kirim
2026-06-10 21:34:26,524 - INFO - ✅ Input row: rowfrm000265
2026-06-10 21:34:29,633 - INFO - ⚠️ Skip: Input row: rowfrm000266
2026-06-10 21:34:38,746 - INFO - ✅ Kirim
2026-06-10 21:34:40,801 - INFO - ✅ Selesaikan Layanan
2026-06-10 21:34:42,838 - INFO - ✅ Konfirmasi
2026-06-10 21:34:45,869 - INFO - ✅ Selesai: SANTOSO
2026-06-10 21:34:45,870 - INFO - 
===== PASIEN 49/52 =====
2026-06-10 21:34:45,870 - INFO - 👤 NISRAMAH ZEBUA
2026-06-10 21:34:46,429 - INFO - ✅ Tab Belum Pemeriksaan
2026-06-10 21:34:47,143 - INFO - ✅ Mulai: NISRAMAH ZEBUA
2026-06-10 21:34:49,350 - INFO - ✅ Tombol: Mulai Pemeriksaan
2026-06-10 21:34:49,464 - INFO - ✅ Simpan
2026-06-10 21:34:54,715 - INFO - ⚠️ Skip: Input: Demografi Dewasa Perempuan
2026-06-10 21:34:57,782 - INFO - ⚠️ Skip: Input: Demografi Lansia
2026-06-10 21:34:58,593 - INFO - ✅ Input: Demografi Dewasa Laki-Laki
2026-06-10 21:34:59,184 - INFO - ✅ Radio: Status Perkawinan → Menikah
2026-06-10 21:35:02,270 - INFO - ⚠️ Skip radio: Apakah Anda sedang hamil
2026-06-10 21:35:02,311 - INFO - ✅ Radio: Apakah Anda penyandang disabilitas? → Non disabilitas
2026-06-10 21:35:04,879 - INFO - ✅ Kirim
2026-06-10 21:35:08,094 - INFO - ⚠️ Skip: Input: Faktor Risiko Kanker Usus
2026-06-10 21:35:11,177 - INFO - ⚠️ Skip radio: kanker kolorektal
2026-06-10 21:35:17,410 - INFO - ❌ Gagal Kirim
2026-06-10 21:35:20,527 - INFO - ⚠️ Skip: Input: Faktor Risiko Malaria
2026-06-10 21:35:36,278 - INFO - ❌ Gagal Kirim
2026-06-10 21:35:36,988 - INFO - ✅ Input: Faktor Risiko TB - Dewasa & Lansia
2026-06-10 21:35:39,593 - INFO - ✅ Kirim
2026-06-10 21:35:42,728 - INFO - ⚠️ Skip: Input: Gejala Cemas Remaja
2026-06-10 21:35:55,073 - INFO - ❌ Gagal Kirim
2026-06-10 21:35:58,149 - INFO - ⚠️ Skip: Input: Gejala Depresi Remaja
2026-06-10 21:36:10,549 - INFO - ❌ Gagal Kirim
2026-06-10 21:36:13,621 - INFO - ⚠️ Skip: Input: Kesehatan Reproduksi Putra - Anak Sekolah
2026-06-10 21:36:26,040 - INFO - ❌ Gagal Kirim
2026-06-10 21:36:29,251 - INFO - ⚠️ Skip: Input: Kesehatan Reproduksi Putri - Anak Sekolah
2026-06-10 21:36:41,759 - INFO - ❌ Gagal Kirim
2026-06-10 21:36:44,855 - INFO - ⚠️ Skip: Input: Kuesioner Tingkat Aktivitas Fisik - Tingkat Aktivitas Fisik
2026-06-10 21:36:54,123 - INFO - ❌ Gagal Kirim
2026-06-10 21:36:57,213 - INFO - ⚠️ Skip: Input: Kelayakan Tes Kebugaran
2026-06-10 21:37:12,717 - INFO - ❌ Gagal Kirim
2026-06-10 21:37:13,111 - INFO - ✅ Input: Hati
2026-06-10 21:37:16,216 - INFO - ⚠️ Skip: Input: Faktor Risiko Hepatitis SMP dan SMA
2026-06-10 21:37:19,118 - INFO - ✅ Kirim
2026-06-10 21:37:22,441 - INFO - ⚠️ Skip: Input: Kanker Leher Rahim
2026-06-10 21:37:28,588 - INFO - ❌ Gagal Kirim
2026-06-10 21:37:29,059 - INFO - ✅ Input: Kesehatan Jiwa
2026-06-10 21:37:32,357 - INFO - ✅ Kirim
2026-06-10 21:37:35,503 - INFO - ⚠️ Skip: Input: Penapisan Risiko Kanker Paru
2026-06-10 21:37:57,090 - INFO - ❌ Gagal Kirim
2026-06-10 21:37:58,178 - INFO - ✅ Input: Perilaku Merokok
2026-06-10 21:38:01,277 - INFO - ⚠️ Skip: Input: Perilaku Merokok - Anak Sekolah
2026-06-10 21:38:04,942 - INFO - ✅ Kirim
2026-06-10 21:38:08,156 - INFO - ⚠️ Skip: Input: Riwayat Imunisasi Tetanus(Status T) - Hanya untuk Catin
2026-06-10 21:38:11,227 - INFO - ⚠️ Dropdown gagal: sq_100i -> Tidak tahu atau tidak ingat
2026-06-10 21:38:14,291 - INFO - ❌ Gagal Kirim
2026-06-10 21:38:14,656 - INFO - ✅ Input: Tingkat Aktivitas Fisik (sedang dan berat)
2026-06-10 21:38:18,347 - INFO - ✅ Kirim
2026-06-10 21:38:21,631 - INFO - ⚠️ Skip: Input row: rowfrm000051
2026-06-10 21:38:22,018 - INFO - ✅ Input row: rowfrm000093
2026-06-10 21:38:25,133 - INFO - ⚠️ Skip: Input row: rowfrm000119
2026-06-10 21:38:28,747 - INFO - ⚠️ Dropdown gagal: sq_102i -> Gizi Baik
2026-06-10 21:38:31,289 - INFO - ✅ Kirim
2026-06-10 21:38:31,770 - INFO - ✅ Input row: rowfrm000256
2026-06-10 21:38:35,362 - INFO - ⚠️ Skip: Input row: rowfrm000197
2026-06-10 21:38:41,658 - INFO - ✅ Kirim
2026-06-10 21:38:42,186 - INFO - ✅ Input row: rowfrm000265
2026-06-10 21:38:45,279 - INFO - ⚠️ Skip: Input row: rowfrm000266
2026-06-10 21:38:54,521 - INFO - ✅ Kirim
2026-06-10 21:38:56,571 - INFO - ✅ Selesaikan Layanan
2026-06-10 21:38:58,612 - INFO - ✅ Konfirmasi
2026-06-10 21:39:01,642 - INFO - ✅ Selesai: NISRAMAH ZEBUA
2026-06-10 21:39:01,643 - INFO - 
===== PASIEN 50/52 =====
2026-06-10 21:39:01,643 - INFO - 👤 SUSANTO
2026-06-10 21:39:02,203 - INFO - ✅ Tab Belum Pemeriksaan
2026-06-10 21:39:02,900 - INFO - ✅ Mulai: SUSANTO
2026-06-10 21:39:04,971 - INFO - ✅ Tombol: Mulai Pemeriksaan
2026-06-10 21:39:05,054 - INFO - ✅ Simpan
2026-06-10 21:39:10,143 - INFO - ⚠️ Skip: Input: Demografi Dewasa Perempuan
2026-06-10 21:39:13,220 - INFO - ⚠️ Skip: Input: Demografi Lansia
2026-06-10 21:39:13,558 - INFO - ✅ Input: Demografi Dewasa Laki-Laki
2026-06-10 21:39:14,133 - INFO - ✅ Radio: Status Perkawinan → Menikah
2026-06-10 21:39:17,208 - INFO - ⚠️ Skip radio: Apakah Anda sedang hamil
2026-06-10 21:39:17,393 - INFO - ✅ Radio: Apakah Anda penyandang disabilitas? → Non disabilitas
2026-06-10 21:39:20,108 - INFO - ✅ Kirim
2026-06-10 21:39:23,335 - INFO - ⚠️ Skip: Input: Faktor Risiko Kanker Usus
2026-06-10 21:39:26,414 - INFO - ⚠️ Skip radio: kanker kolorektal
2026-06-10 21:39:32,657 - INFO - ❌ Gagal Kirim
2026-06-10 21:39:35,764 - INFO - ⚠️ Skip: Input: Faktor Risiko Malaria
2026-06-10 21:39:51,202 - INFO - ❌ Gagal Kirim
2026-06-10 21:39:51,629 - INFO - ✅ Input: Faktor Risiko TB - Dewasa & Lansia
2026-06-10 21:39:54,734 - INFO - ✅ Kirim
2026-06-10 21:39:57,849 - INFO - ⚠️ Skip: Input: Gejala Cemas Remaja
2026-06-10 21:40:10,414 - INFO - ❌ Gagal Kirim
2026-06-10 21:40:13,697 - INFO - ⚠️ Skip: Input: Gejala Depresi Remaja
2026-06-10 21:40:26,172 - INFO - ❌ Gagal Kirim
2026-06-10 21:40:29,244 - INFO - ⚠️ Skip: Input: Kesehatan Reproduksi Putra - Anak Sekolah
2026-06-10 21:40:41,552 - INFO - ❌ Gagal Kirim
2026-06-10 21:40:44,732 - INFO - ⚠️ Skip: Input: Kesehatan Reproduksi Putri - Anak Sekolah
2026-06-10 21:40:57,235 - INFO - ❌ Gagal Kirim
2026-06-10 21:41:00,313 - INFO - ⚠️ Skip: Input: Kuesioner Tingkat Aktivitas Fisik - Tingkat Aktivitas Fisik
2026-06-10 21:41:09,601 - INFO - ❌ Gagal Kirim
2026-06-10 21:41:12,670 - INFO - ⚠️ Skip: Input: Kelayakan Tes Kebugaran
2026-06-10 21:41:28,144 - INFO - ❌ Gagal Kirim
2026-06-10 21:41:28,581 - INFO - ✅ Input: Hati
2026-06-10 21:41:31,715 - INFO - ⚠️ Skip: Input: Faktor Risiko Hepatitis SMP dan SMA
2026-06-10 21:41:35,286 - INFO - ✅ Kirim
2026-06-10 21:41:38,366 - INFO - ⚠️ Skip: Input: Kanker Leher Rahim
2026-06-10 21:41:44,531 - INFO - ❌ Gagal Kirim
2026-06-10 21:41:44,993 - INFO - ✅ Input: Kesehatan Jiwa
2026-06-10 21:41:48,419 - INFO - ✅ Kirim
2026-06-10 21:41:51,704 - INFO - ⚠️ Skip: Input: Penapisan Risiko Kanker Paru
2026-06-10 21:42:13,317 - INFO - ❌ Gagal Kirim
2026-06-10 21:42:13,821 - INFO - ✅ Input: Perilaku Merokok
2026-06-10 21:42:17,009 - INFO - ⚠️ Skip: Input: Perilaku Merokok - Anak Sekolah
2026-06-10 21:42:20,689 - INFO - ✅ Kirim
2026-06-10 21:42:23,768 - INFO - ⚠️ Skip: Input: Riwayat Imunisasi Tetanus(Status T) - Hanya untuk Catin
2026-06-10 21:42:26,837 - INFO - ⚠️ Dropdown gagal: sq_100i -> Tidak tahu atau tidak ingat
2026-06-10 21:42:29,945 - INFO - ❌ Gagal Kirim
2026-06-10 21:42:30,381 - INFO - ✅ Input: Tingkat Aktivitas Fisik (sedang dan berat)
2026-06-10 21:42:34,389 - INFO - ✅ Kirim
2026-06-10 21:42:37,470 - INFO - ⚠️ Skip: Input row: rowfrm000051
2026-06-10 21:42:37,817 - INFO - ✅ Input row: rowfrm000093
2026-06-10 21:42:40,914 - INFO - ⚠️ Skip: Input row: rowfrm000119
2026-06-10 21:42:44,643 - INFO - ⚠️ Dropdown gagal: sq_102i -> Gizi Baik
2026-06-10 21:42:47,249 - INFO - ✅ Kirim
2026-06-10 21:42:47,761 - INFO - ✅ Input row: rowfrm000256
2026-06-10 21:42:50,872 - INFO - ⚠️ Skip: Input row: rowfrm000197
2026-06-10 21:42:56,717 - INFO - ✅ Kirim
2026-06-10 21:42:57,146 - INFO - ✅ Input row: rowfrm000265
2026-06-10 21:43:00,436 - INFO - ⚠️ Skip: Input row: rowfrm000266
2026-06-10 21:43:09,837 - INFO - ✅ Kirim
2026-06-10 21:43:11,881 - INFO - ✅ Selesaikan Layanan
2026-06-10 21:43:13,923 - INFO - ✅ Konfirmasi
2026-06-10 21:43:16,963 - INFO - ✅ Selesai: SUSANTO
2026-06-10 21:43:16,965 - INFO - 
===== PASIEN 51/52 =====
2026-06-10 21:43:16,965 - INFO - 👤 HENDRA SITORUS
2026-06-10 21:43:17,597 - INFO - ✅ Tab Belum Pemeriksaan
2026-06-10 21:43:18,597 - INFO - ✅ Mulai: HENDRA SITORUS
2026-06-10 21:43:20,658 - INFO - ✅ Tombol: Mulai Pemeriksaan
2026-06-10 21:43:20,707 - INFO - ✅ Simpan
2026-06-10 21:43:25,791 - INFO - ⚠️ Skip: Input: Demografi Dewasa Perempuan
2026-06-10 21:43:28,864 - INFO - ⚠️ Skip: Input: Demografi Lansia
2026-06-10 21:43:29,458 - INFO - ✅ Input: Demografi Dewasa Laki-Laki
2026-06-10 21:43:29,551 - INFO - ✅ Radio: Status Perkawinan → Menikah
2026-06-10 21:43:32,768 - INFO - ⚠️ Skip radio: Apakah Anda sedang hamil
2026-06-10 21:43:32,849 - INFO - ✅ Radio: Apakah Anda penyandang disabilitas? → Non disabilitas
2026-06-10 21:43:35,447 - INFO - ✅ Kirim
2026-06-10 21:43:35,992 - INFO - ✅ Input: Faktor Risiko Kanker Usus
2026-06-10 21:43:36,578 - INFO - ✅ Radio: kanker kolorektal → Tidak
2026-06-10 21:43:39,184 - INFO - ✅ Kirim
2026-06-10 21:43:42,261 - INFO - ⚠️ Skip: Input: Faktor Risiko Malaria
2026-06-10 21:43:57,761 - INFO - ❌ Gagal Kirim
2026-06-10 21:43:58,109 - INFO - ✅ Input: Faktor Risiko TB - Dewasa & Lansia
2026-06-10 21:44:01,389 - INFO - ✅ Kirim
2026-06-10 21:44:04,850 - INFO - ⚠️ Skip: Input: Gejala Cemas Remaja
2026-06-10 21:44:17,272 - INFO - ❌ Gagal Kirim
2026-06-10 21:44:20,345 - INFO - ⚠️ Skip: Input: Gejala Depresi Remaja
2026-06-10 21:44:32,989 - INFO - ❌ Gagal Kirim
2026-06-10 21:44:36,065 - INFO - ⚠️ Skip: Input: Kesehatan Reproduksi Putra - Anak Sekolah
2026-06-10 21:44:48,505 - INFO - ❌ Gagal Kirim
2026-06-10 21:44:51,637 - INFO - ⚠️ Skip: Input: Kesehatan Reproduksi Putri - Anak Sekolah
2026-06-10 21:45:04,101 - INFO - ❌ Gagal Kirim
2026-06-10 21:45:07,221 - INFO - ⚠️ Skip: Input: Kuesioner Tingkat Aktivitas Fisik - Tingkat Aktivitas Fisik
2026-06-10 21:45:16,498 - INFO - ❌ Gagal Kirim
2026-06-10 21:45:19,584 - INFO - ⚠️ Skip: Input: Kelayakan Tes Kebugaran
2026-06-10 21:45:35,049 - INFO - ❌ Gagal Kirim
2026-06-10 21:45:35,490 - INFO - ✅ Input: Hati
2026-06-10 21:45:38,610 - INFO - ⚠️ Skip: Input: Faktor Risiko Hepatitis SMP dan SMA
2026-06-10 21:45:42,143 - INFO - ✅ Kirim
2026-06-10 21:45:45,433 - INFO - ⚠️ Skip: Input: Kanker Leher Rahim
2026-06-10 21:45:51,585 - INFO - ❌ Gagal Kirim
2026-06-10 21:45:51,958 - INFO - ✅ Input: Kesehatan Jiwa
2026-06-10 21:45:55,205 - INFO - ✅ Kirim
2026-06-10 21:45:55,975 - INFO - ✅ Input: Penapisan Risiko Kanker Paru
2026-06-10 21:46:00,219 - INFO - ✅ Kirim
2026-06-10 21:46:00,987 - INFO - ✅ Input: Perilaku Merokok
2026-06-10 21:46:04,096 - INFO - ⚠️ Skip: Input: Perilaku Merokok - Anak Sekolah
2026-06-10 21:46:07,775 - INFO - ✅ Kirim
2026-06-10 21:46:10,854 - INFO - ⚠️ Skip: Input: Riwayat Imunisasi Tetanus(Status T) - Hanya untuk Catin
2026-06-10 21:46:14,000 - INFO - ⚠️ Dropdown gagal: sq_100i -> Tidak tahu atau tidak ingat
2026-06-10 21:46:17,170 - INFO - ❌ Gagal Kirim
2026-06-10 21:46:17,525 - INFO - ✅ Input: Tingkat Aktivitas Fisik (sedang dan berat)
2026-06-10 21:46:21,316 - INFO - ✅ Kirim
2026-06-10 21:46:24,390 - INFO - ⚠️ Skip: Input row: rowfrm000051
2026-06-10 21:46:24,871 - INFO - ✅ Input row: rowfrm000093
2026-06-10 21:46:27,987 - INFO - ⚠️ Skip: Input row: rowfrm000119
2026-06-10 21:46:32,268 - INFO - ⚠️ Dropdown gagal: sq_102i -> Gizi Baik
2026-06-10 21:46:34,822 - INFO - ✅ Kirim
2026-06-10 21:46:35,284 - INFO - ✅ Input row: rowfrm000256
2026-06-10 21:46:38,370 - INFO - ⚠️ Skip: Input row: rowfrm000197
2026-06-10 21:46:44,228 - INFO - ✅ Kirim
2026-06-10 21:46:45,145 - INFO - ✅ Input row: rowfrm000265
2026-06-10 21:46:48,433 - INFO - ⚠️ Skip: Input row: rowfrm000266
2026-06-10 21:46:57,553 - INFO - ✅ Kirim
2026-06-10 21:46:59,989 - INFO - ✅ Selesaikan Layanan
2026-06-10 21:47:02,028 - INFO - ✅ Konfirmasi
2026-06-10 21:47:05,058 - INFO - ✅ Selesai: HENDRA SITORUS
2026-06-10 21:47:05,059 - INFO - 
===== PASIEN 52/52 =====
2026-06-10 21:47:05,059 - INFO - 👤 URBANUS DJABUMONA
2026-06-10 21:47:05,619 - INFO - ✅ Tab Belum Pemeriksaan
2026-06-10 21:47:06,336 - INFO - ✅ Mulai: URBANUS DJABUMONA
2026-06-10 21:47:08,382 - INFO - ✅ Tombol: Mulai Pemeriksaan
2026-06-10 21:47:08,432 - INFO - ✅ Simpan
2026-06-10 21:47:13,560 - INFO - ⚠️ Skip: Input: Demografi Dewasa Perempuan
2026-06-10 21:47:16,640 - INFO - ⚠️ Skip: Input: Demografi Lansia
2026-06-10 21:47:17,033 - INFO - ✅ Input: Demografi Dewasa Laki-Laki
2026-06-10 21:47:17,589 - INFO - ✅ Radio: Status Perkawinan → Menikah
2026-06-10 21:47:20,675 - INFO - ⚠️ Skip radio: Apakah Anda sedang hamil
2026-06-10 21:47:20,713 - INFO - ✅ Radio: Apakah Anda penyandang disabilitas? → Non disabilitas
2026-06-10 21:47:23,254 - INFO - ✅ Kirim
2026-06-10 21:47:23,647 - INFO - ✅ Input: Faktor Risiko Kanker Usus
2026-06-10 21:47:24,209 - INFO - ✅ Radio: kanker kolorektal → Tidak
2026-06-10 21:47:27,095 - INFO - ✅ Kirim
2026-06-10 21:47:30,508 - INFO - ⚠️ Skip: Input: Faktor Risiko Malaria
2026-06-10 21:47:45,949 - INFO - ❌ Gagal Kirim
2026-06-10 21:47:46,346 - INFO - ✅ Input: Faktor Risiko TB - Dewasa & Lansia
2026-06-10 21:47:49,475 - INFO - ✅ Kirim
2026-06-10 21:47:52,568 - INFO - ⚠️ Skip: Input: Gejala Cemas Remaja
2026-06-10 21:48:05,452 - INFO - ❌ Gagal Kirim
2026-06-10 21:48:08,707 - INFO - ⚠️ Skip: Input: Gejala Depresi Remaja
2026-06-10 21:48:21,407 - INFO - ❌ Gagal Kirim
2026-06-10 21:48:24,525 - INFO - ⚠️ Skip: Input: Kesehatan Reproduksi Putra - Anak Sekolah
2026-06-10 21:48:36,917 - INFO - ❌ Gagal Kirim
2026-06-10 21:48:40,005 - INFO - ⚠️ Skip: Input: Kesehatan Reproduksi Putri - Anak Sekolah
2026-06-10 21:48:52,312 - INFO - ❌ Gagal Kirim
2026-06-10 21:48:55,388 - INFO - ⚠️ Skip: Input: Kuesioner Tingkat Aktivitas Fisik - Tingkat Aktivitas Fisik
2026-06-10 21:49:04,669 - INFO - ❌ Gagal Kirim
2026-06-10 21:49:07,751 - INFO - ⚠️ Skip: Input: Kelayakan Tes Kebugaran
2026-06-10 21:49:23,269 - INFO - ❌ Gagal Kirim
2026-06-10 21:49:23,695 - INFO - ✅ Input: Hati
2026-06-10 21:49:26,901 - INFO - ⚠️ Skip: Input: Faktor Risiko Hepatitis SMP dan SMA
2026-06-10 21:49:30,358 - INFO - ✅ Kirim
2026-06-10 21:49:33,431 - INFO - ⚠️ Skip: Input: Kanker Leher Rahim
2026-06-10 21:49:39,599 - INFO - ❌ Gagal Kirim
2026-06-10 21:49:40,217 - INFO - ✅ Input: Kesehatan Jiwa
2026-06-10 21:49:45,409 - INFO - ✅ Kirim
2026-06-10 21:49:45,874 - INFO - ✅ Input: Penapisan Risiko Kanker Paru
2026-06-10 21:49:49,754 - INFO - ✅ Kirim
2026-06-10 21:49:50,220 - INFO - ✅ Input: Perilaku Merokok
2026-06-10 21:49:53,301 - INFO - ⚠️ Skip: Input: Perilaku Merokok - Anak Sekolah
2026-06-10 21:49:56,977 - INFO - ✅ Kirim
2026-06-10 21:50:00,175 - INFO - ⚠️ Skip: Input: Riwayat Imunisasi Tetanus(Status T) - Hanya untuk Catin
2026-06-10 21:50:03,257 - INFO - ⚠️ Dropdown gagal: sq_100i -> Tidak tahu atau tidak ingat
2026-06-10 21:50:06,343 - INFO - ❌ Gagal Kirim
2026-06-10 21:50:06,735 - INFO - ✅ Input: Tingkat Aktivitas Fisik (sedang dan berat)
2026-06-10 21:50:10,412 - INFO - ✅ Kirim
2026-06-10 21:50:13,797 - INFO - ⚠️ Skip: Input row: rowfrm000051
2026-06-10 21:50:14,545 - INFO - ✅ Input row: rowfrm000093
2026-06-10 21:50:17,707 - INFO - ⚠️ Skip: Input row: rowfrm000119
2026-06-10 21:50:21,295 - INFO - ⚠️ Dropdown gagal: sq_102i -> Gizi Baik
2026-06-10 21:50:23,847 - INFO - ✅ Kirim
2026-06-10 21:50:24,248 - INFO - ✅ Input row: rowfrm000256
2026-06-10 21:50:27,653 - INFO - ⚠️ Skip: Input row: rowfrm000197
2026-06-10 21:50:33,696 - INFO - ✅ Kirim
2026-06-10 21:50:34,120 - INFO - ✅ Input row: rowfrm000265
2026-06-10 21:50:37,220 - INFO - ⚠️ Skip: Input row: rowfrm000266
2026-06-10 21:50:46,766 - INFO - ✅ Kirim
2026-06-10 21:50:48,809 - INFO - ✅ Selesaikan Layanan
2026-06-10 21:50:50,846 - INFO - ✅ Konfirmasi
2026-06-10 21:50:53,876 - INFO - ✅ Selesai: URBANUS DJABUMONA
2026-06-10 21:50:53,877 - INFO - 
===== HASIL =====
2026-06-10 21:50:53,877 - INFO - Total     : 52
2026-06-10 21:50:53,877 - INFO - Sukses    : 12
2026-06-10 21:50:53,877 - INFO - Gagal     : 1
2026-06-10 21:50:53,877 - INFO - Not found : 0
2026-06-10 21:50:53,877 - INFO - 
✅ Bot selesai!
2026-06-11 17:22:24,128 - INFO - URL: https://sehatindonesiaku.kemkes.go.id/auth/login
2026-06-11 17:22:37,566 - INFO - ✅ CKG Umum
2026-06-11 17:22:38,174 - INFO - ✅ Menu Pelayanan
2026-06-11 17:22:39,106 - INFO - ✅ Checkbox Lokasi
2026-06-11 17:22:40,267 - INFO - ✅ Tombol: Simpan
2026-06-11 17:22:41,096 - INFO - 📂 Resume dari index 52
2026-06-11 17:22:41,099 - INFO - 
===== PASIEN 53/65 =====
2026-06-11 17:22:41,100 - INFO - 👤 AHMAD ROPII ABDILAH
2026-06-11 17:22:41,148 - INFO - ✅ Tab Belum Pemeriksaan
2026-06-11 17:22:42,008 - INFO - ✅ Mulai: AHMAD ROPII ABDILAH
2026-06-11 17:22:44,108 - INFO - ✅ Tombol: Mulai Pemeriksaan
2026-06-11 17:22:44,234 - INFO - ✅ Simpan
2026-06-11 17:22:49,546 - INFO - ⚠️ Skip: Input: Demografi Dewasa Perempuan
2026-06-11 17:22:52,675 - INFO - ⚠️ Skip: Input: Demografi Lansia
2026-06-11 17:22:53,366 - INFO - ✅ Input: Demografi Dewasa Laki-Laki
2026-06-11 17:22:53,988 - INFO - ✅ Radio: Status Perkawinan → Menikah
2026-06-11 17:22:57,119 - INFO - ⚠️ Skip radio: Apakah Anda sedang hamil
2026-06-11 17:22:57,194 - INFO - ✅ Radio: Apakah Anda penyandang disabilitas? → Non disabilitas
2026-06-11 17:22:59,765 - INFO - ✅ Kirim
2026-06-11 17:23:02,886 - INFO - ⚠️ Skip: Input: Faktor Risiko Kanker Usus
2026-06-11 17:23:06,017 - INFO - ⚠️ Skip radio: kanker kolorektal
2026-06-11 17:23:12,262 - INFO - ❌ Gagal Kirim
2026-06-11 17:23:15,427 - INFO - ⚠️ Skip: Input: Faktor Risiko Malaria
2026-06-11 17:23:31,293 - INFO - ❌ Gagal Kirim
2026-06-11 17:23:31,868 - INFO - ✅ Input: Faktor Risiko TB - Dewasa & Lansia
2026-06-11 17:23:35,070 - INFO - ✅ Kirim
2026-06-11 17:23:38,319 - INFO - ⚠️ Skip: Input: Gejala Cemas Remaja
2026-06-11 17:23:51,246 - INFO - ❌ Gagal Kirim
2026-06-11 17:23:54,482 - INFO - ⚠️ Skip: Input: Gejala Depresi Remaja
2026-06-11 17:24:06,938 - INFO - ❌ Gagal Kirim
2026-06-11 17:24:10,057 - INFO - ⚠️ Skip: Input: Kesehatan Reproduksi Putra - Anak Sekolah
2026-06-11 17:24:22,558 - INFO - ❌ Gagal Kirim
2026-06-11 17:24:25,823 - INFO - ⚠️ Skip: Input: Kesehatan Reproduksi Putri - Anak Sekolah
2026-06-11 17:24:38,319 - INFO - ❌ Gagal Kirim
2026-06-11 17:24:41,470 - INFO - ⚠️ Skip: Input: Kuesioner Tingkat Aktivitas Fisik - Tingkat Aktivitas Fisik
2026-06-11 17:24:50,902 - INFO - ❌ Gagal Kirim
2026-06-11 17:24:54,295 - INFO - ⚠️ Skip: Input: Kelayakan Tes Kebugaran
2026-06-11 17:25:09,980 - INFO - ❌ Gagal Kirim
2026-06-11 17:25:11,176 - INFO - ✅ Input: Hati
2026-06-11 17:25:14,526 - INFO - ⚠️ Skip: Input: Faktor Risiko Hepatitis SMP dan SMA
2026-06-11 17:25:17,956 - INFO - ✅ Kirim
2026-06-11 17:25:21,291 - INFO - ⚠️ Skip: Input: Kanker Leher Rahim
2026-06-11 17:25:27,683 - INFO - ❌ Gagal Kirim
2026-06-11 17:25:28,943 - INFO - ✅ Input: Kesehatan Jiwa
2026-06-11 17:25:32,742 - INFO - ✅ Kirim
2026-06-11 17:25:36,137 - INFO - ⚠️ Skip: Input: Penapisan Risiko Kanker Paru
2026-06-11 17:25:58,333 - INFO - ❌ Gagal Kirim
2026-06-11 17:25:59,901 - INFO - ✅ Input: Perilaku Merokok
2026-06-11 17:26:03,267 - INFO - ⚠️ Skip: Input: Perilaku Merokok - Anak Sekolah
2026-06-11 17:26:07,212 - INFO - ✅ Kirim
2026-06-11 17:26:10,628 - INFO - ⚠️ Skip: Input: Riwayat Imunisasi Tetanus(Status T) - Hanya untuk Catin
2026-06-11 17:26:13,752 - INFO - ⚠️ Dropdown gagal: sq_100i -> Tidak tahu atau tidak ingat
2026-06-11 17:26:16,886 - INFO - ❌ Gagal Kirim
2026-06-11 17:26:17,979 - INFO - ✅ Input: Tingkat Aktivitas Fisik (sedang dan berat)
2026-06-11 17:26:22,763 - INFO - ✅ Kirim
2026-06-11 17:26:25,966 - INFO - ⚠️ Skip: Input row: rowfrm000051
2026-06-11 17:26:27,105 - INFO - ✅ Input row: rowfrm000093
2026-06-11 17:26:30,472 - INFO - ⚠️ Skip: Input row: rowfrm000119
2026-06-11 17:26:36,684 - INFO - ⚠️ Dropdown gagal: sq_102i -> Gizi Baik
2026-06-11 17:26:39,277 - INFO - ✅ Kirim
2026-06-11 17:26:40,732 - INFO - ✅ Input row: rowfrm000256
2026-06-11 17:26:43,852 - INFO - ⚠️ Skip: Input row: rowfrm000197
2026-06-11 17:26:50,215 - INFO - ✅ Kirim
2026-06-11 17:26:51,717 - INFO - ✅ Input row: rowfrm000265
2026-06-11 17:26:54,843 - INFO - ⚠️ Skip: Input row: rowfrm000266
2026-06-11 17:27:05,141 - INFO - ✅ Kirim
2026-06-11 17:27:07,510 - INFO - ✅ Selesaikan Layanan
2026-06-11 17:27:09,614 - INFO - ✅ Konfirmasi
2026-06-11 17:27:12,665 - INFO - ✅ Selesai: AHMAD ROPII ABDILAH
2026-06-11 17:27:12,666 - INFO - 
===== PASIEN 54/65 =====
2026-06-11 17:27:12,666 - INFO - 👤 EMILITA SEPTIANI
2026-06-11 17:27:13,281 - INFO - ✅ Tab Belum Pemeriksaan
2026-06-11 17:27:14,266 - INFO - ✅ Mulai: EMILITA SEPTIANI
2026-06-11 17:27:16,392 - INFO - ✅ Tombol: Mulai Pemeriksaan
2026-06-11 17:27:16,481 - INFO - ✅ Simpan
2026-06-11 17:27:19,545 - INFO - ✅ Input: Demografi Dewasa Perempuan
2026-06-11 17:27:22,815 - INFO - ⚠️ Skip: Input: Demografi Lansia
2026-06-11 17:27:25,930 - INFO - ⚠️ Skip: Input: Demografi Dewasa Laki-Laki
2026-06-11 17:27:26,055 - INFO - ✅ Radio: Status Perkawinan → Menikah
2026-06-11 17:27:26,165 - INFO - ✅ Radio: Apakah Anda sedang hamil → Tidak
2026-06-11 17:27:26,255 - INFO - ✅ Radio: Apakah Anda penyandang disabilitas? → Non disabilitas
2026-06-11 17:27:28,860 - INFO - ✅ Kirim
2026-06-11 17:27:32,151 - INFO - ⚠️ Skip: Input: Faktor Risiko Kanker Usus
2026-06-11 17:27:35,392 - INFO - ⚠️ Skip radio: kanker kolorektal
2026-06-11 17:27:42,209 - INFO - ❌ Gagal Kirim
2026-06-11 17:27:45,320 - INFO - ⚠️ Skip: Input: Faktor Risiko Malaria
2026-06-11 17:28:00,891 - INFO - ❌ Gagal Kirim
2026-06-11 17:28:01,970 - INFO - ✅ Input: Faktor Risiko TB - Dewasa & Lansia
2026-06-11 17:28:05,325 - INFO - ✅ Kirim
2026-06-11 17:28:08,603 - INFO - ⚠️ Skip: Input: Gejala Cemas Remaja
2026-06-11 17:28:21,153 - INFO - ❌ Gagal Kirim
2026-06-11 17:28:24,262 - INFO - ⚠️ Skip: Input: Gejala Depresi Remaja
2026-06-11 17:28:36,875 - INFO - ❌ Gagal Kirim
2026-06-11 17:28:40,068 - INFO - ⚠️ Skip: Input: Kesehatan Reproduksi Putra - Anak Sekolah
2026-06-11 17:28:52,585 - INFO - ❌ Gagal Kirim
2026-06-11 17:28:55,749 - INFO - ⚠️ Skip: Input: Kesehatan Reproduksi Putri - Anak Sekolah
2026-06-11 17:29:08,775 - INFO - ❌ Gagal Kirim
2026-06-11 17:29:11,936 - INFO - ⚠️ Skip: Input: Kuesioner Tingkat Aktivitas Fisik - Tingkat Aktivitas Fisik
2026-06-11 17:29:21,401 - INFO - ❌ Gagal Kirim
2026-06-11 17:29:24,553 - INFO - ⚠️ Skip: Input: Kelayakan Tes Kebugaran
2026-06-11 17:29:40,763 - INFO - ❌ Gagal Kirim
2026-06-11 17:29:42,151 - INFO - ✅ Input: Hati
2026-06-11 17:29:45,584 - INFO - ⚠️ Skip: Input: Faktor Risiko Hepatitis SMP dan SMA
2026-06-11 17:29:49,219 - INFO - ✅ Kirim
2026-06-11 17:29:50,720 - INFO - ✅ Input: Kanker Leher Rahim
2026-06-11 17:29:54,002 - INFO - ✅ Kirim
2026-06-11 17:29:55,502 - INFO - ✅ Input: Kesehatan Jiwa
2026-06-11 17:29:59,165 - INFO - ✅ Kirim
2026-06-11 17:30:02,684 - INFO - ⚠️ Skip: Input: Penapisan Risiko Kanker Paru
2026-06-11 17:30:25,180 - INFO - ❌ Gagal Kirim
2026-06-11 17:30:26,363 - INFO - ✅ Input: Perilaku Merokok
2026-06-11 17:30:29,572 - INFO - ⚠️ Skip: Input: Perilaku Merokok - Anak Sekolah
2026-06-11 17:30:33,646 - INFO - ✅ Kirim
2026-06-11 17:30:36,330 - INFO - ✅ Input: Riwayat Imunisasi Tetanus(Status T) - Hanya untuk Catin
2026-06-11 17:30:40,938 - INFO - ✅ Kirim
2026-06-11 17:30:42,191 - INFO - ✅ Input: Tingkat Aktivitas Fisik (sedang dan berat)
2026-06-11 17:30:46,845 - INFO - ✅ Kirim
2026-06-11 17:30:48,312 - INFO - ✅ Input row: rowfrm000051
2026-06-11 17:30:51,475 - INFO - ⚠️ Skip: Input row: rowfrm000093
2026-06-11 17:30:54,641 - INFO - ⚠️ Skip: Input row: rowfrm000119
2026-06-11 17:30:59,514 - INFO - ⚠️ Dropdown gagal: sq_102i -> Gizi Baik
2026-06-11 17:31:02,146 - INFO - ✅ Kirim
2026-06-11 17:31:03,621 - INFO - ✅ Input row: rowfrm000256
2026-06-11 17:31:06,888 - INFO - ⚠️ Skip: Input row: rowfrm000197
2026-06-11 17:31:14,490 - INFO - ✅ Kirim
2026-06-11 17:31:16,038 - INFO - ✅ Input row: rowfrm000265
2026-06-11 17:31:19,226 - INFO - ⚠️ Skip: Input row: rowfrm000266
2026-06-11 17:31:29,375 - INFO - ✅ Kirim
2026-06-11 17:31:31,490 - INFO - ✅ Selesaikan Layanan
2026-06-11 17:31:33,591 - INFO - ✅ Konfirmasi
2026-06-11 17:31:36,663 - INFO - ✅ Selesai: EMILITA SEPTIANI
2026-06-11 17:31:36,664 - INFO - 
===== PASIEN 55/65 =====
2026-06-11 17:31:36,665 - INFO - 👤 ISYANTO
2026-06-11 17:31:37,294 - INFO - ✅ Tab Belum Pemeriksaan
2026-06-11 17:31:38,314 - INFO - ✅ Mulai: ISYANTO
2026-06-11 17:31:40,450 - INFO - ✅ Tombol: Mulai Pemeriksaan
2026-06-11 17:31:40,547 - INFO - ✅ Simpan
2026-06-11 17:31:45,691 - INFO - ⚠️ Skip: Input: Demografi Dewasa Perempuan
2026-06-11 17:31:48,854 - INFO - ⚠️ Skip: Input: Demografi Lansia
2026-06-11 17:31:49,916 - INFO - ✅ Input: Demografi Dewasa Laki-Laki
2026-06-11 17:31:50,668 - INFO - ✅ Radio: Status Perkawinan → Menikah
2026-06-11 17:31:53,810 - INFO - ⚠️ Skip radio: Apakah Anda sedang hamil
2026-06-11 17:31:53,879 - INFO - ✅ Radio: Apakah Anda penyandang disabilitas? → Non disabilitas
2026-06-11 17:31:56,450 - INFO - ✅ Kirim
2026-06-11 17:31:57,755 - INFO - ✅ Input: Faktor Risiko Kanker Usus
2026-06-11 17:31:58,371 - INFO - ✅ Radio: kanker kolorektal → Tidak
2026-06-11 17:32:01,036 - INFO - ✅ Kirim
2026-06-11 17:32:04,171 - INFO - ⚠️ Skip: Input: Faktor Risiko Malaria
2026-06-11 17:32:19,675 - INFO - ❌ Gagal Kirim
2026-06-11 17:32:20,116 - INFO - ✅ Input: Faktor Risiko TB - Dewasa & Lansia
2026-06-11 17:32:23,283 - INFO - ✅ Kirim
2026-06-11 17:32:26,386 - INFO - ⚠️ Skip: Input: Gejala Cemas Remaja
2026-06-11 17:32:38,815 - INFO - ❌ Gagal Kirim
2026-06-11 17:32:41,915 - INFO - ⚠️ Skip: Input: Gejala Depresi Remaja
2026-06-11 17:32:54,306 - INFO - ❌ Gagal Kirim
2026-06-11 17:32:57,417 - INFO - ⚠️ Skip: Input: Kesehatan Reproduksi Putra - Anak Sekolah
2026-06-11 17:33:09,897 - INFO - ❌ Gagal Kirim
2026-06-11 17:33:13,016 - INFO - ⚠️ Skip: Input: Kesehatan Reproduksi Putri - Anak Sekolah
2026-06-11 17:33:25,582 - INFO - ❌ Gagal Kirim
2026-06-11 17:33:28,718 - INFO - ⚠️ Skip: Input: Kuesioner Tingkat Aktivitas Fisik - Tingkat Aktivitas Fisik
2026-06-11 17:33:38,146 - INFO - ❌ Gagal Kirim
2026-06-11 17:33:41,290 - INFO - ⚠️ Skip: Input: Kelayakan Tes Kebugaran
2026-06-11 17:33:57,043 - INFO - ❌ Gagal Kirim
2026-06-11 17:33:58,141 - INFO - ✅ Input: Hati
2026-06-11 17:34:01,521 - INFO - ⚠️ Skip: Input: Faktor Risiko Hepatitis SMP dan SMA
2026-06-11 17:34:05,271 - INFO - ✅ Kirim
2026-06-11 17:34:08,705 - INFO - ⚠️ Skip: Input: Kanker Leher Rahim
2026-06-11 17:34:15,001 - INFO - ❌ Gagal Kirim
2026-06-11 17:34:16,169 - INFO - ✅ Input: Kesehatan Jiwa
2026-06-11 17:34:20,093 - INFO - ✅ Kirim
2026-06-11 17:34:21,561 - INFO - ✅ Input: Penapisan Risiko Kanker Paru
2026-06-11 17:34:26,243 - INFO - ✅ Kirim
2026-06-11 17:34:27,865 - INFO - ✅ Input: Perilaku Merokok
2026-06-11 17:34:31,051 - INFO - ⚠️ Skip: Input: Perilaku Merokok - Anak Sekolah
2026-06-11 17:34:35,124 - INFO - ✅ Kirim
2026-06-11 17:34:38,634 - INFO - ⚠️ Skip: Input: Riwayat Imunisasi Tetanus(Status T) - Hanya untuk Catin
2026-06-11 17:34:41,797 - INFO - ⚠️ Dropdown gagal: sq_100i -> Tidak tahu atau tidak ingat
2026-06-11 17:34:44,976 - INFO - ❌ Gagal Kirim
2026-06-11 17:34:46,141 - INFO - ✅ Input: Tingkat Aktivitas Fisik (sedang dan berat)
2026-06-11 17:34:51,419 - INFO - ✅ Kirim
2026-06-11 17:34:54,687 - INFO - ⚠️ Skip: Input row: rowfrm000051
2026-06-11 17:34:55,969 - INFO - ✅ Input row: rowfrm000093
2026-06-11 17:34:59,269 - INFO - ⚠️ Skip: Input row: rowfrm000119
2026-06-11 17:35:04,304 - INFO - ⚠️ Dropdown gagal: sq_102i -> Gizi Baik
2026-06-11 17:35:06,924 - INFO - ✅ Kirim
2026-06-11 17:35:08,450 - INFO - ✅ Input row: rowfrm000256
2026-06-11 17:35:11,647 - INFO - ⚠️ Skip: Input row: rowfrm000197
2026-06-11 17:35:18,370 - INFO - ✅ Kirim
2026-06-11 17:35:21,044 - INFO - ✅ Input row: rowfrm000265
2026-06-11 17:35:24,360 - INFO - ⚠️ Skip: Input row: rowfrm000266
2026-06-11 17:35:34,746 - INFO - ✅ Kirim
2026-06-11 17:35:36,875 - INFO - ✅ Selesaikan Layanan
2026-06-11 17:35:39,009 - INFO - ✅ Konfirmasi
2026-06-11 17:35:42,091 - INFO - ✅ Selesai: ISYANTO
2026-06-11 17:35:42,094 - INFO - 
===== PASIEN 56/65 =====
2026-06-11 17:35:42,095 - INFO - 👤 SUPI ARDIYANTO
2026-06-11 17:35:42,755 - INFO - ✅ Tab Belum Pemeriksaan
2026-06-11 17:35:43,906 - INFO - ✅ Mulai: SUPI ARDIYANTO
2026-06-11 17:35:46,058 - INFO - ✅ Tombol: Mulai Pemeriksaan
2026-06-11 17:35:46,180 - INFO - ✅ Simpan
2026-06-11 17:35:51,407 - INFO - ⚠️ Skip: Input: Demografi Dewasa Perempuan
2026-06-11 17:35:54,709 - INFO - ⚠️ Skip: Input: Demografi Lansia
2026-06-11 17:35:56,039 - INFO - ✅ Input: Demografi Dewasa Laki-Laki
2026-06-11 17:35:56,991 - INFO - ✅ Radio: Status Perkawinan → Menikah
2026-06-11 17:36:00,175 - INFO - ⚠️ Skip radio: Apakah Anda sedang hamil
2026-06-11 17:36:00,285 - INFO - ✅ Radio: Apakah Anda penyandang disabilitas? → Non disabilitas
2026-06-11 17:36:02,927 - INFO - ✅ Kirim
2026-06-11 17:36:04,412 - INFO - ✅ Input: Faktor Risiko Kanker Usus
2026-06-11 17:36:05,100 - INFO - ✅ Radio: kanker kolorektal → Tidak
2026-06-11 17:36:07,863 - INFO - ✅ Kirim
2026-06-11 17:36:11,257 - INFO - ⚠️ Skip: Input: Faktor Risiko Malaria
2026-06-11 17:36:27,345 - INFO - ❌ Gagal Kirim
2026-06-11 17:36:28,669 - INFO - ✅ Input: Faktor Risiko TB - Dewasa & Lansia
2026-06-11 17:36:32,186 - INFO - ✅ Kirim
2026-06-11 17:36:35,286 - INFO - ⚠️ Skip: Input: Gejala Cemas Remaja
2026-06-11 17:36:47,961 - INFO - ❌ Gagal Kirim
2026-06-11 17:36:51,122 - INFO - ⚠️ Skip: Input: Gejala Depresi Remaja
2026-06-11 17:37:03,849 - INFO - ❌ Gagal Kirim
2026-06-11 17:37:07,010 - INFO - ⚠️ Skip: Input: Kesehatan Reproduksi Putra - Anak Sekolah
2026-06-11 17:37:19,452 - INFO - ❌ Gagal Kirim
2026-06-11 17:37:22,563 - INFO - ⚠️ Skip: Input: Kesehatan Reproduksi Putri - Anak Sekolah
2026-06-11 17:37:35,288 - INFO - ❌ Gagal Kirim
2026-06-11 17:37:38,385 - INFO - ⚠️ Skip: Input: Kuesioner Tingkat Aktivitas Fisik - Tingkat Aktivitas Fisik
2026-06-11 17:37:47,705 - INFO - ❌ Gagal Kirim
2026-06-11 17:37:50,816 - INFO - ⚠️ Skip: Input: Kelayakan Tes Kebugaran
2026-06-11 17:38:06,598 - INFO - ❌ Gagal Kirim
2026-06-11 17:38:07,062 - INFO - ✅ Input: Hati
2026-06-11 17:38:10,185 - INFO - ⚠️ Skip: Input: Faktor Risiko Hepatitis SMP dan SMA
2026-06-11 17:38:13,305 - INFO - ✅ Kirim
2026-06-11 17:38:16,427 - INFO - ⚠️ Skip: Input: Kanker Leher Rahim
2026-06-11 17:38:22,637 - INFO - ❌ Gagal Kirim
2026-06-11 17:38:23,054 - INFO - ✅ Input: Kesehatan Jiwa
2026-06-11 17:38:27,420 - INFO - ✅ Kirim
2026-06-11 17:38:28,062 - INFO - ✅ Input: Penapisan Risiko Kanker Paru
2026-06-11 17:38:32,257 - INFO - ✅ Kirim
2026-06-11 17:38:32,723 - INFO - ✅ Input: Perilaku Merokok
2026-06-11 17:38:35,844 - INFO - ⚠️ Skip: Input: Perilaku Merokok - Anak Sekolah
2026-06-11 17:38:39,616 - INFO - ✅ Kirim
2026-06-11 17:38:42,725 - INFO - ⚠️ Skip: Input: Riwayat Imunisasi Tetanus(Status T) - Hanya untuk Catin
2026-06-11 17:38:45,814 - INFO - ⚠️ Dropdown gagal: sq_100i -> Tidak tahu atau tidak ingat
2026-06-11 17:38:48,920 - INFO - ❌ Gagal Kirim
2026-06-11 17:38:49,432 - INFO - ✅ Input: Tingkat Aktivitas Fisik (sedang dan berat)
2026-06-11 17:38:53,351 - INFO - ✅ Kirim
2026-06-11 17:38:56,739 - INFO - ⚠️ Skip: Input row: rowfrm000051
2026-06-11 17:38:57,310 - INFO - ✅ Input row: rowfrm000093
2026-06-11 17:39:00,620 - INFO - ⚠️ Skip: Input row: rowfrm000119
2026-06-11 17:39:04,758 - INFO - ⚠️ Dropdown gagal: sq_102i -> Gizi Baik
2026-06-11 17:39:07,344 - INFO - ✅ Kirim
2026-06-11 17:39:07,786 - INFO - ✅ Input row: rowfrm000256
2026-06-11 17:39:10,909 - INFO - ⚠️ Skip: Input row: rowfrm000197
2026-06-11 17:39:16,987 - INFO - ✅ Kirim
2026-06-11 17:39:18,613 - INFO - ✅ Input row: rowfrm000265
2026-06-11 17:39:21,736 - INFO - ⚠️ Skip: Input row: rowfrm000266
2026-06-11 17:39:31,600 - INFO - ✅ Kirim
2026-06-11 17:39:33,652 - INFO - ✅ Selesaikan Layanan
2026-06-11 17:39:35,713 - INFO - ✅ Konfirmasi
2026-06-11 17:39:38,752 - INFO - ✅ Selesai: SUPI ARDIYANTO
2026-06-11 17:39:38,754 - INFO - 
===== PASIEN 57/65 =====
2026-06-11 17:39:38,754 - INFO - 👤 JOSE ALLEXANDRO KEBAOWOLO
2026-06-11 17:39:39,334 - INFO - ✅ Tab Belum Pemeriksaan
2026-06-11 17:39:40,193 - INFO - ✅ Mulai: JOSE ALLEXANDRO KEBAOWOLO
2026-06-11 17:39:42,262 - INFO - ✅ Tombol: Mulai Pemeriksaan
2026-06-11 17:39:42,330 - INFO - ✅ Simpan
2026-06-11 17:39:47,446 - INFO - ⚠️ Skip: Input: Demografi Dewasa Perempuan
2026-06-11 17:39:50,549 - INFO - ⚠️ Skip: Input: Demografi Lansia
2026-06-11 17:39:51,095 - INFO - ✅ Input: Demografi Dewasa Laki-Laki
2026-06-11 17:39:51,718 - INFO - ✅ Radio: Status Perkawinan → Menikah
2026-06-11 17:39:54,904 - INFO - ⚠️ Skip radio: Apakah Anda sedang hamil
2026-06-11 17:39:55,040 - INFO - ✅ Radio: Apakah Anda penyandang disabilitas? → Non disabilitas
2026-06-11 17:39:57,708 - INFO - ✅ Kirim
2026-06-11 17:40:00,876 - INFO - ⚠️ Skip: Input: Faktor Risiko Kanker Usus
2026-06-11 17:40:03,996 - INFO - ⚠️ Skip radio: kanker kolorektal
2026-06-11 17:40:10,207 - INFO - ❌ Gagal Kirim
2026-06-11 17:40:13,320 - INFO - ⚠️ Skip: Input: Faktor Risiko Malaria
2026-06-11 17:40:29,261 - INFO - ❌ Gagal Kirim
2026-06-11 17:40:29,785 - INFO - ✅ Input: Faktor Risiko TB - Dewasa & Lansia
2026-06-11 17:40:32,965 - INFO - ✅ Kirim
2026-06-11 17:40:36,085 - INFO - ⚠️ Skip: Input: Gejala Cemas Remaja
2026-06-11 17:40:48,688 - INFO - ❌ Gagal Kirim
2026-06-11 17:40:51,877 - INFO - ⚠️ Skip: Input: Gejala Depresi Remaja
2026-06-11 17:41:04,872 - INFO - ❌ Gagal Kirim
2026-06-11 17:41:08,037 - INFO - ⚠️ Skip: Input: Kesehatan Reproduksi Putra - Anak Sekolah
2026-06-11 17:41:20,685 - INFO - ❌ Gagal Kirim
2026-06-11 17:41:23,976 - INFO - ⚠️ Skip: Input: Kesehatan Reproduksi Putri - Anak Sekolah
2026-06-11 17:41:36,790 - INFO - ❌ Gagal Kirim
2026-06-11 17:41:39,947 - INFO - ⚠️ Skip: Input: Kuesioner Tingkat Aktivitas Fisik - Tingkat Aktivitas Fisik
2026-06-11 17:41:49,367 - INFO - ❌ Gagal Kirim
2026-06-11 17:41:52,625 - INFO - ⚠️ Skip: Input: Kelayakan Tes Kebugaran
2026-06-11 17:42:08,544 - INFO - ❌ Gagal Kirim
2026-06-11 17:42:09,635 - INFO - ✅ Input: Hati
2026-06-11 17:42:12,997 - INFO - ⚠️ Skip: Input: Faktor Risiko Hepatitis SMP dan SMA
2026-06-11 17:42:16,777 - INFO - ✅ Kirim
2026-06-11 17:42:19,875 - INFO - ⚠️ Skip: Input: Kanker Leher Rahim
2026-06-11 17:42:24,796 - INFO - ❌ Gagal Kirim
